representative_label_by_embedding,count,representative_label_by_count,count,total_count,cluster
issue,106,bug,14650,16324,"['bug', 'bugs', 'build issue', 'race detector', 'runtime issue', 'deadlock', 'link issue', 'leak', 'driver issue', 'download issue', 'memoryleak', 'rustc bug', 'type: bug', 'plugin issue', 'bom', 'conflicts', 'extension issues', 'extension issue', 'revalidation', 'build issues', 'resource leak', 'merge', 'format issue', 'abi issue', 'unsafety', 'symbol conflict', 'doc issue', 'merge conflict', 'template issue', 'test issue', 'parser issue', 'issue', 'display issue', 'fouc', 'finalizers', 'race', 'ambiguity', 'reflow', 'translation issue', 'integration issue', 'model issue', 'backend issues', 'css issue', 'shadowing', 'bug fix', 'rendering issue', 'analysis issue', 'duplicate', 'issue tracking', 'issue comment', 'automerge', 'issues', 'login issue', 'parser bug', 'install issue', 'documentation bug', 'goroutine leak', 'bug report', 'ci issue', 'installation issue', 'compilation issue', 'tracking issue', 'language bug', 'sync issue', 'configuration issue', 'documentation issue', 'import issue', 'connection issue', 'lifetime issue', 'compatibility issue', 'package issue', 'lifetime issues', 'upgrade issue', 'testing issue', 'windows issue', 'network issue', 'path issue', 'tooling issue', 'toolchain issue', 'aliasing', 'encoding issue', 'linking issue', 'type: issue', 'accuracy issue', 'migration issue', 'general issue', 'racing', 'conflict', 'cache issue', 'language issue', 'lint issue', 'attribute issue', 'cuda issue', 'tensor issue', 'functional issue', 'cross platform issue', 'plugin issues', 'database issue', 'uv issue', 'accessibility issues', 'cosmetic', 'production issue', 'cgo issue', 'alignment issue', 'duplication', 'runtime issues', 'lsp issue', 'breakage', 'feature bug', 'compilation bug', 'diagnostic issue', 'rustc issue', 'setup issue', 'reference issue', 'generic issue', 'bug introduction', 'issue type/bug', 'sanitizer issue', 'crates issue', 'pytorch issues', 'pytorch issue', 'graph issue', 'numerical issues', 'layout issue', 'numerical issue', 'styling issue', 'bug fix request', 'minor issue', 'optimization issue', 'completion issue', 'decompiler bug', 'disassembly issue', 'ghidra bug', 'decompilation issue', 'storage issue', 'stdlib issue', 'build problem', 'minor', 'query issue', 'minor bug', 'focus issue', 'disposable', 'ux issue', 'reproducible issue', 'save issue', 'bundling issue', 'metadata issue', 'refresh issue', 'concurrency issue', 'leak detection', 'confusion', 'formatting issue', 'url issue', 'doc bug', 'javascript issue', 'invalidation', 'resolver issue', 'search issue', 'interference', 'async issue', 'content issue', 'website issue', 'gpu issue', 'path issues', 'inconsistency', 'routing issue', 'blocking issue', 'good first issue', 'mapping issue', 'date format issue', 'consistency issue', 'issue template', 'classloader issue', 'disposal', 'debugging issue', 'conversion issue', 'external issue tracker', 'issue list', 'video issue', 'browser issue', 'jit issue', 'visibility issue', 'c bug', 'debugger issue', 'generic issues', 'issue porting', 'binding issue', 'keyboard issue', 'auth issue', 'target issue', 'backend issue', 'dtype issue', 'classpath issue', 'codec issue', 'a11y issues', 'issue report', 'extension bug', 'rendering issues', 'redirect issue', 'production bug', 'os issue', 'os issues', 'cleanup issue', 'layout problem', 'reentrancy', 'functional bug', 'test bug', 'bom conflict', 'upgrade issues', 'duplicates', 'filesystem issue', 'decompiler issue', 'table issue', 'schedule issue', 'upload issue', 'platform issue', 'coloring issue', 'destructors']"
contributor engagement,2,enhancement,1655,1995,"['enhancement', 'proposal', 'code review', 'collective', 'insiders', 'developer experience', 'contributor', 'milestone', 'review', 'dba', 'dev experience', 'contributing', 'contributor experience', 'type: enhancement', 'community', 'beta', 'pr', 'announcement', 'bugfix', 'contribution', 'type: bugfix', 'standardization', 'people', 'contributions', 'contributor engagement', 'a contributor roadblock', 'roadmap', 'maintainers', 'collective ops', 'prerelease']"
documentation,2591,documentation,2591,3155,"['documentation', 'docs', 'doc', 'rfc', 'spec', 'wiki', 'tutorial', 'rfc compliance', 'javadoc', 'examples', 'spec compliance', 'spring rest docs', 'readme', 'changelog', 'rest docs', 'manpage', 'command guide', 'specification', 'intra doc links', 'update guide', 'pytorch docs', 'man pages', 'guides', 'rfc3986', 'type: documentation', 'domain: documentation', 'conformance', 'category: documentation', 'documentation inconsistency', 'documentation generation', 'esql spec', 'standard compliance', 'rustc dev guide', 'wcag', 'xdg compliance', 'man', 'documentation needed', 'documentation suggestion', 'doc suggestion', 'doc link', 'footnote', 'pep']"
type/breaking change,3,dependency update,562,958,"['dependency update', 'breaking change', 'library update', 'change detection', 'update', 'reflect', 'new architecture', 'new feature', 'set', 'uv add', 'auto analyze', 'setting', 'switch', 'ng switch', 'auto increment', 'insert mode', 'working sets', 'auto update', 'vuln check', 'new arch', 'borrow checking', 'new instance', 'svelte check', 'change point', 'instruction set', 'switch case', 'register', 'new note', 'status check', 'self update', 'insert', 'delete', 'spell checking', 'new renderer', 'make', 'type/breaking change', 'new relic', 'health check', 'character set', 'feature change', 'semantic change', 'behavioral change', 'deno check', 'deno add', 'borrow check', 'suggest change', 'set operation', 'purity check', 'attach', 'admin check', 'design change', 'ci update', 'spell check', 'test update', 'ui change', 'sanity check', 'auto collected', 'run make', 'enum update', 'dependencies update', 'schema change', 'privilege check']"
ubsan error,2,test failure,1026,6697,"['test failure', 'runtime error', 'crash', 'panic', 'error', 'compile error', 'type error', 'debugger', 'build failure', 'error message', 'tracing', 'segfault', 'debug', 'diagnostics', 'testfailure', 'debugging', 'warning', 'error handling', 'assertionerror', 'runtimeerror', 'assertion failure', 'compilation error', 'gdb', 'typeerror', 'build error', 'exception', 'console', 'import error', 'warnings', 'npe', 'assertion error', 'test failures', 'exception handling', 'trace', 'compiler crash', 'segmentation fault', 'ci test failure', 'internal error', 'compile time error', 'oom', 'runtime crash', 'rustc error', 'diagnostic', 'ci failure', 'resource handling', 'api error', 'debug console', 'breakpoint', 'stacktrace', 'errors', 'download failure', 'remote debugging', 'error reporting', 'parse error', 'syntax error', 'startup failure', 'stepping', 'lldb', 'runtime errors', 'failure', 'server error', 'type crash', 'macro errors', 'a diagnostics', 'parsing error', 'upload error', 'methoderror', 'fatal error', 'fatalerror', 'traceback', 'task failure', 'import errors', 'runtime trace', 'nullpointerexception', 'internalerror', 'debug build', 'js error', 'debug assertions', 'backtrace', 'debug info', 'rustc internal error', 'error page', 'runtime warning', 'validation error', 'execution trace', 'attribute error', 'unit test failure', 'parser error', 'failure analysis', 'failure analyzer', 'outofmemoryerror', 'script error', 'ioexception', 'runtime exception', 'exception message', 'io error', 'import failure', 'keyerror', 'transient errors', 'logic error', 'function error', 'exceptions', 'errorhandling', 'linker error', 'region error', 'sql error', 'error report', 'deprecation warning', 'installation failure', 'testing failure', 'crash report', 'breakpoints', 'javascript error', 'java exception', 'crashes', 'unexpected error', 'internal server error', 'error messages', 'evaluation error', 'crash reporting', 'type: error message', 'compile failure', 'allocation error', 'logical error', 'rustc warning', 'linking error', 'compilation failure', 'rustc panic', 'lowering exception', 'oom error', 'debugging tool', 'software debugging', 'sync failure', 'reference handling', 'programming error', 'database error', 'vim internal error', 'recursive error', 'panics', 'extension handling', 'load error', 'crash recovery', 'panic handling', 'torch runtime error', 'recursion error', 'guard failure', 'warning messages', 'key error', 'cuda error', 'intermittent failure', 'memory error', 'io exception', 'classcastexception', 'network error', 'bounds error', 'integration test failure', 'error suggestion', 'segv', 'content error', 'unhandled rejection', 'unittest failure', 'filesystem error', 'push failure', 'console api', 'publish failure', 'unimplemented', 'utf8 error', 'lint warning', 'cpp compile error', 'backend failure', 'name error', 'binding errors', 'math error', 'copy error', 'init error', 'ubsan error', 'sanitizer error']"
rustc compiler,11,compiler,1145,7128,"['compiler', 'compiler error', 'runtime', 'optimization', 'cuda', 'rustc', 'jit', 'compiler bug', 'compilation', 'llvm', 'analysis', 'macro', 'torch compile', 'compile', 'linker', 'reflection', 'abi', 'compiler internal', 'race condition', 'ssa', 'code style', 'asan', 'unsafe code', 'compiler warning', 'runtime panic', 'cpp', 'analyzer', 'decompiler', 'cross compilation', 'f compiler', 'decompilation', 'f compiler error', 'compiler lint', 'undefinedbehaviorsanitizer', 'code cleanup', 'elf', 'ubsan', 'unsafe', 't compiler', 'analyze', 'asm', 'compiler suggestion', 'macro expansion', 'simd', 'nccl', 'svelte compiler', 'turbo', 'semantic analysis', 'compiler optimization', 'code', 'unused code', 'code generation', 'autolinking', 'compiler errors', 'macro rules', 'ir', 'compiling', 'condition', 'assembly', 'pgo', 'proc macro', 'compiler rt', 'intrinsics', 'dead code', 'msvc', 'compilers', 'cpp extension', 'coprocessor', 'code smell', 'code optimization', 'code lens', 'cross compile', 'assembler', 'dwarf', 'compiler feedback', 'relocation', 'f abi', 'compiler frontend', 'compiler panic', 'extern c', 'compiler builtins', 'f unsafe', 'cfi', 'a compiler', 'incremental compilation', 'riscv', 'extern', 'angular compiler', 'area compiler', 'mkl', 'compiler issue', 'compile autograd', 'inlining', 'arm', 'clang', 'conditional', 'instruction handling', 'sse', 'disassembly', 'pdb', 'disassembler', 'rtti', 'switch statement', 'code clarity', 'isr', 'deadcode', 'ppc64', 'threadsanitizer', 'compiler diagnostics', 'compile test', 'compiler intrinsic', 'a abi', 't compiler error', 'f compiler errors', 'rust analyzer', 'f macro', 'extern blocks', 'f compiler internal', 'macros', 'macro related', 'compiler warnings', 'compiler design', 'vectorization', 'ub', 'c compiler', 'example code', 'aot compilation', 'aot compiler', 'aot compile', 'pytorch compiler', 'pytorch compile', 'conditions', 'code improvement', 'walker', 'pe', 'fpu', 'x86', 'demangling', 'compiler specific', 'gcc', 'goto anything', 'code analysis', 'pip compile', 'uv pip compile', 'logic', 'code refactoring', 'code completion', 'code lenses', 'compiler internal error', 'sanitizers', 'libfuzzer', 's390x', 'mips64', 'callgraph', 'provenance', 'deno compile', 'compiler interaction', 'exit code', 'internal compiler error', 'compiler regression', 'derive macros', 'avr', 'rustc llvm', 'unreachable code', 'compiler message', 'a llvm', 'compiler feature', 'abi mismatch', 'portable simd', 'gemm', 'torch compiler', 'cusparse', 'sycl', 'dynamic compilation', 'cond', 'torch jit', 'neon', 'clang tidy', 'gcn', 'cpp wrapper', 'cudnn', 'pytorch ir', 'core logic', 'sanitizer', 'conditional on', 'code of conduct', 'java compiler', 'rust compiler', 'runtime hints', 'vfp', 'c cpp', 'm68k', 'gdt', 'ppc', 'conditional statements', 'instruction', 'x86 64', 'coff', 'openblas', 'preprocessor', 'transitive analysis', 'objcopy', 'runtime filter', 'logical plan', 'jit compilation', 'binary analysis', 'go compiler', 'rustc compiler', 'cuda support', 'compiler flags', 'linker issue', 'deno runtime', 'mir optimization', 'code formatting', 'cmd compile', 'domain: compiler', 'language compiler', 'llvm ir', 'topic: optimization', 'source code', 'racing condition', 'conditional compilation', 'compiler issues', 'invalid code', 'compiler bugs', 'domain compiler', 'compiler features', 'compiler implementation', 'jit compiler', 'compiled autograd', 'pytorch optimization', 'dynamic compiler', 'legal', 'php compiler', 'compiler optimizations', 'code inspection', 'instruction encoding', 'cpu instruction', 'assembly language', 'mips', 'ld', 'compiler assertion', 'domain: runtime', 'deno compiler', 'rust abi', 'analysis panic', 'compiler interpretation', 'compiler configuration', 'c abi', 'lto', 'invalid program', 'linker problem', 'macro system', 'compiler verification', 'code readability', 'backend compiler failed', 'cublas', 'category: compilation', 'conditionals', 'type: optimization', 'domain: optimization', 'domain: cuda', 'conditional onproperty', 'interrupt', 'assembly disassembly', 'instruction decoding', 'opcode', 'edge runtime', 'alias analysis', 'ssa interp', 'gccgo', 'go analysis', 'vtable', 'abi compliance', 'dead code elimination', 'derive macro', 'compiler diagnostic', 'magma', 'code snippet', 'nvidia', 'cpp backend', 'test logic', 'optimizations', 'code sample', 'executable', 'semantic', 'sse emitter', 'volatile registers', 'macro redefinition', 'avx', 'ppc64le', 'compile fail', 'cuda unsupported', 'aarch64', 'bytecode', 'expansion', 'arm32', 'amd64', 'generic code', 'code consistency', 'dylib', 'template compiler', 'cpp issue', 'condition evaluation', 'prepared statement']"
client api,2,feature request,2225,10955,"['feature request', 'api', 'web', 'dependency management', 'http', 'networking', 'cache', 'messaging', 'user interface', 'httpclient', 'frontend', 'authentication', 'server', 'web server', 'network', 'language server', 'routing', 'api change', 'validation', 'caching', 'extension api', 'user experience', 'memory management', 'http2', 'storage', 'spring session', 'ldap', 'backend', 'rest', 'http client', 'api design', 'webclient', 'tidb server', 'pytorch api', 'mobile', 'client', 'package management', 'rpc', 'auth', 'api proposal', 'session', 'desktop', 'python api', 'p2p', 'rest api', 'proxy', 'dashboard', 'node api', 'discovery', 'api documentation', 'api clarity', 'redirect', 'grpc', 'api compatibility', 'authorization', 'profile', 'url', 'router', 'protocol', 'quic', 'websocket', 'api enhancement', 'middleware', 'server actions', 'semantic tokens', 'dns', 'client server', 'api breaking change', 'api reference', 'api deprecation', 'connectivity', 'authorization server', 'uri', 'soap', 'profiles', 'window management', 'state management', 'api improvement', 'ipv6', 'api behavior', 'api docs', 'forms', 'resource loading', 'forward port', 'websockets', 'pull request', 'oauth2', 'web flux', 'request mapping', 'pull requests', 'uv api', 'curl', 'api usage', 'api issue', 'dev server', 'api breaking', 'release management', 'type api', 'connection', 'api consistency', 'spring authorization server', 'endpoint', 'extension management', 'api incompatibility', 'headers', 'client side', 'relay', 'server rendering', 'acme', 'request body', 'user facing', 'transport', 'flow', 'property access', 'http headers', 'api request', 'api missing', 'web api', 'api review', 'platform server', 'torch api', 'tvm', 'request handling', 'management', 'domain core', 'web client', 'cookie', 'rest client', 'api removal', 'web mvc', 'bean post processing', 'web framework', 'restclient', 'form', 'checksum', 'resource control', 'code server', 'source control', 'msal', 'api update', 'web ui', 'urls', 'next.js api', 'next api', 'server side', 'cookies', 'server action', 'client side navigation', 'server side rendering', 'user', 'tcp', 'web streams', 'url handling', 'async storage', 'url parsing', 'api doc', 'inductor backend', 'rendezvous', 'pytorch frontend', 'c api', 'control flow', 'resource', 'web components', 'area api', 'type api change', 'resources', 'connect', 'connector', 'dev services', 'endpoints', 'http status', 'saml', 'service', 'web application', 'webservices', 'conversion service', 'resource loader', 'credentials', 'cluster management', 'request binding', 'http message converter', 'response', 'pam', 'access control', 'branch management', 'local storage', 'storage driver', 'cloud storage', 'sockets', 'project management', 'fork management', 'data management', 'domain', 'resource group', 'network partition', 'disposable management', 'tunnel', 'remote access', 'account management', 'accounts', 'api testing', 'code tunnel', 'vscode web', 'profile manager', 'file management', 'uri encoding', 'web extensions', 'postman', 'profile sync', 'roaming profiles', 'next router', 'client side rendering', 'typed routes', 'mptcp', 'jsonrpc', 'multicast', 'build cache', 'internal api', 'semantic token', 'net http', 'module cache', 'ipv4', 'token', 'communication', 'cdp', 'v8 api', 'keepalive', 'https', 'n api', 'ipc', 'message port', 'feature management', 'unix socket', 'unstable api', 'api stability', 'schema validation', 'pane management', 'tab management', 'api regression', 'autotuning', 'ddp', 'domain tensor', 'guard validation', 'functional api', 'c++ api', 'registration', 'pytorch feature request', 'api bug', 'tensor api', 'tor', 'zeromq', 'thread management', 'type feature request', 'content management', 'vendor', 'hugo server', 'services', 'redirects', 'resource management', 'url update', 'web services', 'context management', 'service connections', 'management server', 'configuration cache', 'post processor', 'web testing', 'connection pooling', 'http error', 'jwt', 'http status code', 'index management', 'response format', 'query validation', 'request stats', 'kms', 'api upgrade', 'request parameter', 'java api', 'response handling', 'request', 'support request', 'client request factory', 'api access', 'symbol server', 'os request', 'web clipper', 'merge request', 'web interface', 'login', 'api integration', 'http request', 'source management', 'user feedback', 'workspace management', 'index url', 'snmp', 'header checks', 'access', 'observer api', 'socket', 'cli server', 'mysql protocol', 'task management', 'admin', 'client api', 'user management', 'pd api', 'session management', 'external storage', 'desktop integration', 'type: feature request', 'process management', 'web development', 'cache management', 'type:feature request', 'library management', 'oauth', 'domain: api', 'go language server', 'buffer management', 'storage engine', 'profile management', 'vscode api', 'repository management', 'device management', 'note management', 'module management', 'connection management', 'mir validation', 'tensor management', 'version management', 'tokens', 'domain:package management', 'domain: package management', 'domain stdlib', 'schema management', 'directory management', 'c memory management', 'domain: user interface', 'pages router', 'domain language server', 'domain: language server', 'protocol support', 'domain: dependency management', 'api exposure', 'access violation', 'labels: api', 'domain autograd', 'domain math', 'plugin management', 'lifecycle management', 'elasticsearch api', 'kerberos', 'bean post processor', 'register management', 'database management', 'job management', 'domain: user experience', 'vscode server', 'language service', 'domain: api design', 'category:feature request', 'queue management', 'server components', 'asset management', 'http protocol', 'protocol extension', 'import management', 'lock management', 'topic: api', 'web apis', 'category: api', 'topic: api change', 'team management', 'async local storage', 'fetch api', 'type: api change', 'user interfaces', 'category feature request', 'domain torch library', 'domain ml', 'domain cuda', 'topic: caching', 'pytorch backend', 'user guide', 'out of bounds access', 'domain: network', 'user interaction', 'site management', 'deprecated api', 'application management', 'topic:dependency management', 'feature requests', 'distributed cache', 'embedded server', 'container management', 'license management', 'api keys', 'user input', 'uri handling', 'url encoding', 'proxying', 'proxies', 'domain: networking', 'repo management', 'path management', 'opcode cache', 'table management', 'instantiation service', 'user consent', 'cache control', 'intercepting routes', 'http proxy', 'bot management', 'user lookup', 'web platform', 'unix domain socket', 'url validation', 'api mismatch', 'sanitization', 't rustdoc frontend', 'form validation', 'workflow management', 'attribute access', 'public api', 'ports', 'focus management', 'api version', 'connection factory', 'artifact management', 'port', 'client connection', 'connection pool', 'protocol resolver', 'service connection', 'repository access', 'http status codes', 'connect protocol', 'uri parsing', 'forwarding', 'api client', 'etag', 'http connection', 'request response', 'symbol management', 'admin panel', 'tag management', 'constraint validation', 'persistent connection', 'header', 'unix domain sockets', 'whole cache mode', 'api evolution', 'plan cache', 'traffic management', 'variable management', 'rpc server', 'resource usage', 'api suggestion', 'lang server', 'api compliance', 'ui request', 'tool management', 'static resources', 'web extension', 'os user', 'doc request', 'http server', 'mock server', 'web driver', 'api response', 'jwt realm', 'rest esql', 'search api', 'array access', 'http message conversion', 'schema cache', 'agent', 'route interception', 'header management', 'tcp keepalive', 'key management', 'port conflict', 'url pattern', 'backends', 'api use', 'p2p network', 'p2p networking', 'user suggestion', 'space management', 'access token', 'rest assured', 'connection details', 'uri validation', 'tag validation', 'scroll api', 'ticket validation', 'shard management', 'url handlers', 'servlet api', 'uri template', 'http method', 'executor service', 'data type management', 'documentation request', 'cache miss', 'metadata management', 'partition management']"
ui text,4,ui,1340,4822,"['ui', 'behavior', 'layout', 'component', 'native image', 'compiler behavior', 'input', 'gui', 'navigation', 'scrolling', 'event handling', 'components', 'lifecycle', 'keyboard', 'ui bug', 'input handling', 'image', 'hover', 'behavior change', 'undefined behavior', 'preview', 'display', 'icon', 'text', 'actions', 'focus', 'ui issue', 'event', 'runtime behavior', 'menu', 'selection', 'event listener', 'view', 'textinput', 'cursor', 'content', 'status bar', 'mouse', 'scrollview', 'svg', 'effects', 'animation', 'dialog', 'keyboard shortcuts', 'text display', 'window', 'events', 'ui ux', 'image processing', 'transitions', 'panel', 'treeview', 'input output', 'language behavior', 'image loading', 'help text', 'component interaction', 'transition', 'svelte component', 'overlay', 'rich text editor', 'popup', 'activity bar', 'toolbar', 'tree view', 'text model', 'tooltip', 'window behavior', 'aux window', 'code action', 'action', 'touch', 'modal', 'drop', 'content projection', 'model behavior', 'content rendering', 'images', 'image building', 'ui enhancement', 'wheel', 'calendar', 'ext calendar', 'icons', 'widget', 'multi window', 'zoom', 'draganddrop', 'text editor', 'vscode ui', 'input focus', 'ui feedback', 'text rendering', 'eventhandling', 'expected behavior', 'canvas', 'ui tests', 'a rustdoc ui', 'cli behavior', 'select', 'let underscore drop', 'terminal ui', 'effect', 'hook', 'operator behavior', 'alert', 'content model', 'content adapters', 'content generation', 'health', 'image build', 'preview window', 'content negotiation', 'controller', 'handler', 'sidebar', 'snackbar', 'navigationdrawer', 'component: treeview', 'datepicker', 'select for update', 'text objects', 'vim behavior', 'screen', 'titlebar', 'ui design', 'extension interaction', 'image preview', 'graphics', 'context menu', 'picker', 'views', 'scrollbar', 'ui interaction', 'timeline', 'button', 'event listeners', 'ui text', 'window layout', 'input field', 'ui layout', 'toast', 'image component', 'code actions', 'incorrect behavior', 'fragment', 'react root view', 'struct layout', 'trait selection', 'tray icon', 'tabs', 'screen reader', 'terminal behavior', 'tab', 'interaction', 'pane', 'resize', 'focus mode', 'standalone components', 'status change', 'inputs', 'abort controller', 'animations', 'dynamic content', 'view transition', 'side effects', 'text generation', 'hud', 'forward hooks', 'hooks', 'import behavior', 'ui component', 'grid', 'keyframes', 'content adapter', 'content processing', 'build image', 'annotated text', 'listener', 'handler method', 'listing panel', 'input validation', 'ui feature', 'listing view', 'application layout', 'text formatting', 'drag and drop', 'activity', 'pre receive hook', 'acceleration', 'wheel selection', 'v treeview', 'v radio', 'v date input', 'slider', 'progress', 'dropdown', 'combobox', 'v dialog', 'status', 'unexpected behavior', 'virtual text', 'plugin interaction', 'callback', 'motion', 'movement', 'function behavior', 'ui components', 'text processing', 'text manipulation', 'text input', 'checkbox', 'text editing', 'keyboard input', 'cursor position', 'ui behavior', 'component behavior', 'domain: ui', 'invalid input', 'component issue', 'content type', 'date picker', 'editor behavior', 'keyboard navigation', 'keyboard shortcut', 'keyboard interaction', 'suggest widget', 'text component', 'deferred content', 'component lifecycle', 'inconsistent behavior', 'health indicator', 'ui customization', 'rich text', 'select component', 'cursor movement', 'title bar', 'event system', 'action bar', 'ime', 'mouse events', 'text search', 'help menu', 'ui appearance', 'doc content', 'event emission', 'category undefined behavior', 'standalone component', 'view children', 'content structure', 'oci image', 'image packaging', 'content length', 'drawer', 'date selection', 'dropdown menu', 'color picker', 'cancel', 'position', 'popup menu', 'event emitter', 'editor navigation', 'pinned tabs', 'editor ui', 'menubar', 'mouse interaction', 'refresh behavior', 'text layout', 'layout animation', 'action sheet', 'span', 'ui test', 'component conflict', 'enum layout', 'unstable behavior', 'text scaling', 'viewport', 'cursor behavior', 'ui automation', 'event replay', 'fallback content', 'view child', 'missing content', 'input output mapping', 'layout propagation', 'layout mismatch', 'touch events', 'crossfade', 'component hydration', 'status page', 'image store', 'job status', 'rollover', 'method handler', 'placeholder', 'default behavior', 'gui issue', 'multiple window support', 'multi select', 'ui preview', 'progress indicator', 'expansion panel', 'number input', 'input component', 'window functions', 'ui issues', 'text object', 'ui suggestion', 'ui look and feel', 'content update', 'ui a11y', 'input box', 'input processing', 'v select', 'webgl', 'mouse wheel', 'quick input', 'output view', 'ui glitch', 'image rendering', 'ui bugs', 'event listening', 'feature interaction', 'content missing', 'view operation', 'svelte transition', 'svelte component interaction', 'image upgrade', 'text field mapper', 'tab completion', 'handler mapping', 'text field', 'navigation drawer', 'v menu', 'progress linear', 'tab stops', 'vimscript interaction']"
platform dependencies,2,upgrade,2079,19554,"['build', 'ci', 'dependency upgrade', 'cli', 'feature', 'build system', 'plugin', 'windows', 'type system', 'gradle', 'configuration', 'extension', 'maven', 'integration', 'dependency', 'tooling', 'language', 'core', 'python', 'upgrade', 'installation', 'workspace', 'config', 'deprecation', 'infrastructure', 'cgo', 'functionality', 'os', 'compatibility', 'dependencies', 'auto configuration', 'extensions', 'x pack', 'settings', 'environment', 'packaging', 'dependency conflict', 'macos', 'metadata', 'linux', 'language feature', 'release', 'functional', 'pytorch core', 'framework upgrade', 'tools', 'package manager', 'uv cli', 'libraries', 'c++', 'library', 'framework', 'classpath', 'test framework', 'language design', 'build tools', 'svelte 5', 'upgrades', 'gradle plugin', 'language go', 'install', 'backward', 'uv tool', 'automation', 'app router', 'module', 'device', 'module system', 'dependency issue', 'language features', 'backport', 'plugin update', 'shell integration', 'features', 'language support', 'architecture', 'ffi', 'edition 2024', 'target', 'backward compatibility', 'maven plugin', 'library upgrade', 'mysql compatibility', 'settings sync', 'packages', 'download', 'collaboration', 'deployment', 'rust', 'release notes', 'build tool', 'tool', 'trait system', 'c interop', 'ci/cd', 'reactive programming', 'jar', 'python integration', 'visual mode', 'extension host', 'remote development', 'registry', 'wsl', 'future', 'configure', 'unstable features', 'native', 'language groovy', 'language kotlin', 'classloading', 'uv python', 'python version', 'visual', 'ide features', 'editor integration', 'x tools', 'gcimporter', 'standard library', 'nodejs compatibility', 'library compatibility', 'target support', 't build system', 'third party', 'qt', 'svelte core', 'plugin upgrade', 'multi release', 'build tooling', 'release process', 'requires python', 'package installation', 'vscode extension', 'extension installation', 'modules', 'build related', 'feature discussion', 'platform compatibility', 'dark mode', 'native modules', 'vm', 'circular dependency', 'governance', 'installer', 'framework integration', 'f type system', 'edition', 'nn modules', 'nn module', 'inference mode', 'python compatibility', 'utility', 'plugins', 'language update', 'technology', 'build info', 'application context', 'classloader', 'java version', 'terminal integration', 'project', 'cli usage', 'python versioning', 'labs', 'language model', 'ide feature', 'language enhancement', 'infra', 'cross platform', 'ide integration', 'language proposal', 'react native', 'deno install', 'node compatibility', 'library issue', 'workspaces', 'cli tool', 'edition 2015', 'target feature', 'target features', 'c ffi', 'edition 2018', 'libs', 'unstable feature', 'platform support', 'win32', 'language improvement', 'setup', 'deploy', 'area: core', 'abi compatibility', 'utilities', 'system tests', 'dependency issues', 'svelte kit', 'library dependency', 'framework kafka', 'porting', 'release workflow', 'language upgrade', 'dependencymanagement', 'module metadata', 'starter', 'continuous integration', 'index compatibility', 'rolling upgrade', 'jvm', 'esql plugin', 'x pack ml', 'sway core', 'osgi', 'assertion library', 'async support', 'java interop', 'emulation', 'version tracking', 'organization', 'artifact', 'stdlib', 'tool uv', 'editable install', 'environment markers', 'python packaging', 'uv config', 'python discovery', 'tool installation', 'virtual environment', 'python env', 'pip compatibility', 'domain language', 'language c', 'compiler compatibility', 'c backend', 'translate c', 'go language', 'tidb core', 'normal mode', 'lua', 'x11', 'c code', 'extension development', 'extension compatibility', 'deprecated', 'extensibility', 'embedded languages', 'workspace trust', 'extension update', 'extension updates', 'visual regression', 'launch config', 'language mode', 'visual bug', 'system', 'peer dependencies', 'production', 'third party scripts', 'language version', 'build id', 'pkg config', 'os windows', 'release build', 'dev settings', 'turbo module', 'es modules', 'module exports', 'deno workspace', 'deno core', 'ecosystem', 'aux build', 'rust by example', 'language change', 't libs', 'platform specific', 'c enhancement', 'utf 8', 'feature proposal', 'async programming', 'library usage', 'dependency check', 'platform', 'a ffi', 'future compat', 'feature gate', 'target specs', 'terminal app', 'app shell', 'core ops', 'ubuntu', 'eager mode', 'lazy module', 'artifacts', 'accelerator', 'feature flag', 'device allocator', 'torch core', 'device mesh', 'pytorch functionality', 'runtime dependency', 'device behavior', 'functional programming', 'device support', 'c implementation', 'meta programming', 'forward mode ad', 'v4', 'watch mode', 'migrate', 'dev mode', 'legacy', 'template compatibility', 'dependency problem', 'upgrading', 'module info', 'task dependency', 'spec compatibility', 'application startup', 'dev tools', 'executable jar', 'third party library', 'automation testing', 'manifest', 'inference engine', 'library conflict', 'ci build', 'transform plugin', 'fzf integration', 'fzf cli', 'package registry', 'ide support', 'jpms', 'run configuration', 'c language', 'ghidra core', 'mobile app', 'offline download', 'ccall', 'julia language', 'external dependency', 'build backend', 'uv project', 'project setup', 'gitlab', 'editable packages', 'tool interaction', 'python interpreter', 'pip install', 'version', 'workspace support', 'dev dependencies', 'optional dependencies', 'project structure', 'python project', 'build isolation', 'verbose mode', 'experimental feature', 'preferences', 'python interaction', 'package dependency', 'ini', 'c++ compatibility', 'engine', 'os compatibility', 'target platform', 'incremental build', 'operating system', 'feature detection', 'sql compatibility', 'plugin integration', 'plugin compatibility', 'filetype plugin', 'c', 'less mode', 'programming language', 'development', 'rust language', 'deno cli', 'qa', 'generic programming', 'programming', 'go standard library', 'go build', 'vscode features', 'windows terminal', 'type: feature', 'software development', 'aspect oriented programming', 'reverse engineering', 'julia core', 'package', 'library maintenance', 'windows support', 'desktop app', 'language standards', 'language implementation', 'software', 'vscode extensions', 'domain: tooling', 'go version', 'language extensions', 'core lib', 'library issues', 'core language', 'domain: python', 'domain: build', 'project configuration', 'virtual environments', 'visual issue', 'domain: language features', 'language semantics', 'language spec', 'library linking', 'support', 'domain: core', 'domain language features', 'desktop application', 'topic: ci', 'pytorch modules', 'application', 'vim plugin', 'julia stdlib', 'hot module replacement', 'third party issue', 'domain: compatibility', 'development tool', 'core library', 'library support', 'application crash', 'build configuration', 'python extension', 'bitcoin core', 'type:dependency upgrade', 'core functionalities', 'java application', 'uber jar', 'programming language agnostic', 'python tooling', 'c extensions', 'extension integration', 'version control', 'development mode', 'local development', 'domain: language', 'domain/go tools', 'topic: compatibility', 'native module', 'deno configuration', 'plugin configuration', 'deno feature', 'library features', 'c interoperability', 'domain: infrastructure', 'object oriented programming', 'plugin system', 'programming model', 'domain: ci', 'package configuration', 'offline support', 'library incompatibility', 'hugo features', 'domain:build tool', 'downgrade', 'classpath loading', 'python ecosystem', 'uv configuration', 'python3', 'domain: extension', 'vscode configuration', 'vscode feature', 'visual studio code', 'visual appearance', 'markdown support', 'default configuration', 'create next app', 'turbo pack', 'domain:go language', 'domain:go tools', 'domain:programming language', 'project maintenance', 'go c interop', 'domain/go standard library', 'release blocker', 'sync package', 'go project', 'library proposal', 'language specification', 'go programming language', 'os agnostic', 'topic: configuration', 'development tools', 'area: cli', 'type: deprecation', 'domain: deno cli', 'private registries', 'typescript support', 'feature flags', 'windows specific', 'attribute system', 'rust stdlib', 'domain language rust', 'binary compatibility', 'experimental features', 'category language', 'rust standard library', 'library problem', 'unimplemented feature', 'domain/language features', 'core libraries', 'headless mode', 'domain: cli', 'macos support', 'aten native', 'dynamo framework', 'pytorch feature', 'third party dependency', 'c++ related', 'third party support', 'pytorch extensions', 'nn functional', 'core development', 'production build', 'svelte features', 'svelte feature', 'hugo core', 'extension support', 'hugo build', 'multilingual support', 'dependency bump', 'microservices', 'bug fix version upgrade', 'release note', 'domain: build tool', 'deprecated feature', 'pack to bp', 'undeprecated', 'third party libraries', 'repackaging', 'kotlin support', 'framework configuration', 'client upgrade', 'version bump', 'starter metadata', 'application runtime', 'fzf configuration', 'fzf features', 'ghidra feature', 'language agnostic', 'software engineering', 'software reverse engineering', 'plugin support', 'julia base', 'package build', 'library metadata', 'python support', 'python library', 'runtime environment', 'version conflict', 'platform agnostic', 'core functionality', 'monorepo support', 'software architecture', 'virtualization', 'component configuration', 'windows build', 'c standard', 'language standard', 'filetype support', 'oop', 'vi mode', 'developer tools', 'language status', 'insider build', 'canary build', 'draft mode', 'internal tool', 'cross environment', 'go release', 'build mode', 'turbo modules', 'nodejs core', 'es module', 'edition migration', 'edition compatibility', 'feature tracking', 'c variadic', 'library compilation', 'mir build', 'test porting', 'future incompatibility', 'unicode support', 'dynamic programming', 'device properties', 'device specific', 'device agnostic', 'shared library', 'backward computation', 'evaluation mode', 'python package', 'cross version compatibility', 'cyclic dependency', 'device compatibility', 'device mismatch', 'custom device', 'python registration', 'build tool configuration', 'light dark mode', 'qt client', 'interop', 'svelte version 5', 'release candidate', 'transitive dependency', 'upgrade required', 'test environment', 'system test', 'inference plugin', 'test kit', 'ml plugin', 'core framework', 'version parsing', 'circular dependencies', 'wheel support', 'python environment', 'uv library', 'editable installs', 'project isolation', 'core engine', 'language extension', 'target os', 'context packages', 'extension system', 'diff mode', 'config management', 'gtk', 'backward compatible', 'security plugin', 'upstream dependency', 'package versioning', 'internal package', 'debug mode', 'vite plugin', 'ui upgrade', 'ci integration', 'backwards compatibility', 'graph mode', 'gcc compatibility', 'glibc compatibility', 'surefire plugin', 'patch release', 'ci infrastructure', 'osx', 'python version conflict', 'gd extension', 'multi root workspace', 'production mode', 'os interface', 'version compatibility', 'version upgrade', 'v2', 'architecture compatibility', 'v8 compatibility', 'private registry', 'pre release', 'os incompatibility', 'target triple', 'upgrade regression', 'third party integration', 'device dispatch', 'device type', 'device mode', 'backend extension', 'numpy compatibility', 'postcss plugin', 'svelte version', 'jvm tool mode', 'build pack', 'platform dependencies', 'test configuration', 'dependencies upgrade', 'build helper', 'maven integration', 'enterprise to develocity', 'environment configuration', 'ci system tests', 'spatial plugin', 'python version mismatch', 'order dependency', 'environment interaction', 'isolation', 'pkg mode', 'optional dependency', 'virtual workspace', 'workspace package', 'reinstallation', 'environment management', 'php 8 4', 'gd library', 'br tool', 'auth plugin', 'python interp']"
cpu performance,3,performance,1955,5048,"['performance', 'memory leak', 'cpu', 'improvement', 'ux', 'memory', 'memory safety', 'gc', 'gpu', 'overflow', 'integer overflow', 'design', 'profiler', 'pprof', 'profiling', 'reproducibility', 'usability', 'query performance', 'parallelism', 'perf', 'consistency', 'allocator', 'code quality', 'benchmark', 'stack', 'build performance', 'priority medium', 'memory corruption', 'alignment', 'stability', 'stack overflow', 'pipelining', 'sway', 'clarity', 'parallel', 'performance regression', 'memory access', 'usage', 'ui improvement', 'memory usage', 'runtime performance', 'ui/ux', 'doc improvement', 'binary size', 'priority high', 'anyhow', 'efficiency', 'size', 'pipeline parallelism', 'size oblivious', 'reasoning', 'pytorch benchmarks', 'cpu features', 'priority: medium', 'benchmarks', 'memory format', 'randomness', 'startup performance', 'requirements', 'general', 'call stack', 'parallel routes', 'memory layout', 'limit', 'limits', 'memory profiling', 'perf hooks', 'padding', 'stack trace', 'gpus', 'target cpu', 'soundness', 'common', 'multi gpu', 'memory optimization', 'benchmarking', 'cpu fallback', 'lowering', 'spacing', 'consensus', 'processor', 'byte buddy', 'ci improvement', 'heap attack', 'ergonomics', 'cpu usage', 'purity', 'code size', 'memory consumption', 'stack editor', 'readability', 'address space', 'memory mapping', 'portability', 'spl heap', 'endianness', 'severity critical', 'garbage collection', 'mem', 'performance issue', 'performance optimization', 'memory issue', 'productivity', 'best practices', 'reliability', 'memory allocation', 'best practice', 'quality', 'domain: performance', 'memory issues', 'numerical stability', 'memory model', 'scalability', 'quality of life', 'determinism', 'ux improvement', 'performance improvement', 'heap use after free', 'quality assurance', 'corruption', 'metal performance shaders', 'reusability', 'slow performance', 'interoperability', 'cpu architecture', 'allocation', 'category performance', 'cpu gpu comparison', 'cpu performance', 'correctness', 'performance monitoring', 'database performance', 'buffer overflow', 'use after free', 'heap buffer overflow', 'web performance', 'resource limit', 'memory leaks', 'performance metrics', 'bytes', 'size limit', 'topic integer overflow', 'low level', 'memory allocator', 'invalid usage', 'type: improvement', 'domain: code quality', 'parallelization', 'topic performance', 'triton kernels', 'cpu optimization', 'pytorch benchmark', 'quality control', 'critical', 'cpu emulation', 'low level programming', 'general improvement', 'gui improvement', 'gc issue', 'heap overflow', 'shared memory', 'position independent code', 'design proposal', 'high availability', 'high contrast', 'allocations', 'struct padding', 'design discussion', 'parallel testing', 'cpu detection', 'memory overflow', 'out of memory', 'speculation', 'high priority', 'limitations', 'robustness', 'allocation failures', 'low level error', 'responsive design', 'heap corruption', 'memory limit', 'memory alignment', 'cpu feature detection', 'parallel processing', 'double free', 'gpu rendering', 'suggestion improvement', 'uninitialized memory', 'gpu acceleration', 'font size', 'big endian', 'editor performance', 'performance issues', 'heap profile', 'testability', 'address sanitizer', 'op consistency', 'disk space', 'memory reference']"
test flakiness,3,testing,1629,3484,"['testing', 'test', 'integration test', 'fuzzing', 'mockito', 'junit', 'assertion', 'coverage', 'flaky test', 'testcontainers', 'test runner', 'integration tests', 'test infrastructure', 'test flaky', 'test suite', 'tests', 'pytorch test', 'fuzz', 'mock', 'smoke test', 'unittest', 'assert', 'jest', 'runner', 'test improvement', 'test missing', 'go test', 'mocking', 'test related', 'doc tests', 'test enhancement', 'a code coverage', 'test infra', 'unit testing', 'unit tests', 'integrationtests', 'integrationtest', 'ci test', 'unit test', 'test results', 'test coverage', 'runtime test', 'test case', 'test strategy', 'it test', 'test integration', 'assertj', 'automa', 'fuzzer', 'test flakiness', 'integration testing', 'testkit', 'domain: testing', 'fuzz testing', 'assertions', 'area: testing', 'topic: testing', 'testing infrastructure', 'snapshot testing', 'precondition', 'code coverage', 'test flake', 'functional test', 'build test', 'functional tests', 'integ test', 'randomized testing', 'async test', 'aggregation test', 'disabled test', 'surefire', 'doc test', 'internal tests', 'skip test', 'test order', 'flaky tests', 'jsonassert', 'profile integ tests', 'concurrent test', 'aggregation tests', 'percentile test', 'metrics test', 'junit jupiter', 'test context']"
security,819,security,819,1233,"['security', 'accessibility', 'permissions', 'privacy', 'vulnerability', 'privilege', 'permission', 'csp', 'a11y', 'hardening', 'method security', 'upgrade policy', 'privileges', 'protection', 'domain: security', 'aria', 'permission issue', 'screenreader', 'trust', 'security issue', 'security vulnerability', 'policy', 'permission denied']"
tensor computation,4,pytorch,619,3176,"['regression', 'autograd', 'tensor', 'nn', 'pytorch', 'quantization', 'inference', 'math', 'slices', 'complex numbers', 'slice', 'tensor operations', 'linalg', 'accuracy', 'ml', 'uv', 'numpy', 'complex', 'training', 'repr', 'float', 'roc', 'distributed training', 'torch', 'backpropagation', 'sympy', 'fft', 'sparse', 'floating point', 'observation', 'pd', 'vector', 'linear', 'norm', 'gradient', 'distributions', 'uv run', 'ai', 'conv1d', 'interpolation', 'compute', 'matmul', 'conv2d', 'conv', 'knn', 'algorithm', 'numeric', 'attr repr', 'f inference', 'variance', 'torch inductor', 'distribtued training', 'deepcopy', 'pytorch linalg', 'nll loss', 'batchnorm', 'distribution', 'relu', 'clamp', 'einsum', 'tensor parallel', 'tensor parallelism', 'spectral norm', 'tensor creation', 'pytorch onnx', 'floatingpoint', 'pytorch rocm', 'fee estimation', 'vectors', 'arithmetic', 'normalization', 'dict', 'floating window', 'floating windows', 'integer arithmetic', 'border', 'shader', 'autodiff', 'minimization', 'tensorflow', 'clipping', 'tensor ops', 'rnn', 'bincount', 'convolution', 'tensor operation', 'int8', 'keras', 'mask', 'scatter reduce', 'multinomial', 'reduction', 'layer norm', 'arange', 'pytorch aten', 'float8', 'cumsum', 'linear algebra', 'shape inference', 'strides', 'tensor dict', 'gradient check', 'ops', 'mixed precision', 'masking', 'scalar', 'sparse tensor', 'cnn', 'linearization', 'tensors', 'numerical accuracy', 'scaling', 'dropout', 'slice scatter', 'pytorch ops', 'parametrization', 'named tensor', 'tensor construction', 'precision', 'sparse matrix', 'bilinear', 'differentiability', 'sparse tensors', 'lstm', 'transparency', 'shadow', 'matrix', 'matrix operations', 'tuple', 'estimation', 'cost estimation', 'numerics', 'mathematics', 'simplification', 'numerical', 'neural networks', 'tensor manipulation', 'domain: pytorch', 'numerical computation', 'tensor computation', 'decomposition', 'float16', 'projection', 'nan', 'differentiation', 'float precision', 'domain: math', 'percentile', 'domain: uv', 'feature regression', 'shape', 'graph neural networks', 'histogram', 'tensor broadcasting', 'tensor shapes', 'math accuracy', 'multiplication', 'tensor attributes', 'neural network', 'numerical computing', 'inplace', 'gradient computation', 'ml aggregations', 'truncation', 'category math', 'calculation', 'lens', 'mod', 'solver', 'slicing', 'variance inference', 'tensorrt', 'reconstruction', 'matrix multiplication', 'floating point exception', 'linear layer', 'tensor conversion', 'tensor comparison', 'masked tensor', 'gradient checkpointing', 'namedtuple', 'getattr', 'numerical precision', 'fp32', 'unification', 'branching', 'matrix jobs', 'interval arithmetic', 'region inference', 'math rendering', 'percentile calculations', 'fake tensor', 'roc m', 'regression test', 'derivation', 'nan handling', 'mse loss', 'tensor strides', 'tensor prop', 'gradient comparison', 'jacobian', 'spectral normalization', 'mesh', 'empty tensor', 'resolution algorithm', 'geo shape', 'dense vector', 'timeseries', 'floating point issue', 'float arithmetic', 'astral sh uv']"
fzf vim,2,editor,593,1786,"['editor', 'notebook', 'vimscript', 'lint', 'linting', 'ide', 'filetype', 'netrw', 'autocomplete', 'highlighting', 'keybindings', 'vscode', 'jupyter', 'eslint', 'typing', 'linter', 'diff editor', 'indentation', 'vmap', 'folding', 'keybinding', 'syntax highlighting', 'highlight', 'tmux', 'vim', 'code editor', 'quickfix', 'tensorboard', 'interactive', 'autocommand', 'gvim', 'editor feature', 'monaco editor', 'autosave', 'goimports', 'eclipse', 'fzf vim', 'fzf tmux', 'neovim', 'coloring', 'autocmd', 'autocommands', 'colorscheme', 'intellisense', 'monaco', 'vscode dev', 'codelens', 'autocorrect', 'area: typing', 'ipython', 'nvim', 'fzf', 'checkstyle', 'rte', 'codemirror', 'autocompletion', 'ctags', 'viml', 'matchit', 'vimrc', 'ftplugin', 'notebooks', 'vim feature', 'vim features', 'vim configuration', 'vim core', 'vscode insiders', 'editor functionality', 'editor plugin', 'vim functionality', 'vim scripting', 'vscode insider', 'domain: editor', 'vscode ide', 'lints', 'statusline', 'editor features', 'core vim', 'jupyter notebook', 'indent']"
trait object,25,database,1070,5956,"['database', 'trait', 'lifetime', 'std', 'index', 'generics', 'ownership', 'struct', 'enum', 'type bug', 'const eval', 'iterator', 'data race', 'traits', 'operator', 'function', 'type inference', 'array', 'model', 'safety', 'data type', 'properties', 'const', 'trait related', 'f traits', 'closures', 'data consistency', 'types', 'data types', 'hash', 'string', 'custom ops', 'input method', 'generic', 'const evaluation', 'custom op', 'data access', 'sorting', 'environment variables', 'std library', 'attribute', 'scope', 'foreign key', 'context', 'recursion', 'const generics', 'closure', 'trait bounds', 'torch function', 'data streams', 'interface', 'initialization', 'class', 'data source', 'property binding', 'expression', 'format string', 'env', 'type safety', 't traits', 'opaque types', 'sort', 'integer', 'table', 'variables', 'type check', 'type checker', 'indexer', 'static analysis', 'type mismatch', 'data corruption', 'const fn', 'const propagation', 'static items', 'const items', 'associated types', 'fn delegation', 'custom elements', 'data structures', 'data model', 'constructor', 'configuration properties', 'property placeholder', 'data binding', 'arrays', 'v data table', 'generated columns', 'state', 'mach o', 'reference', 'type improvement', 'type checking', 'semantics', 'object model', 'type feature', 'random', 'f trait', 'f closures', 'index out of bounds', 'f const', 'delegation', 'unsized types', 't const', 'object safety', 'bounds', 'specialization', 'class binding', 'boolean', 'bool', 'type hints', 'selector', 'data integrity', 'custom element', 'constructor binding', 'class loader', 'keyword', 'null safety', 'string handling', 'method dispatch', 'data migration', 'references', 'instantiation', 'data fetching', 'weak pointers', 'range loop', 'loop', 'type assertion', 'env var', 'type issue', 'generic types', 'go list', 'for loop', 'bounds check', 'f const trait', 'primitives', 'trait implementation', 'lifetimes', 'const expressions', 'trait objects', 'ptr', 'trait object', 'false positive', 'smart pointers', 't ownership', 'variadic functions', 'function call', 'method resolution', 'f dyn trait', 'f generics', 'f opaque types', 'generic const exprs', 'hashmap', 'phantom data', 'pointer arithmetic', 'variable', 'fn pointer', 'const trait', 'pytorch model', 'operators', 'model export', 'function signature', 'type regression', 'operator support', 'model inference', 'property', 'global variables', 'pytorch function', 'functions', 'flops', 'data type issues', 'type conversion', 'activation function', 'comparison', 'class detection', 'utility classes', 'feature index', 'derived state', 'params', 'value objects', 'type enhancement', 'property source', 'type cleanup', 'conditional on property', 'vector index', 'indices', 'nested', 'data stream', 'alias', 'intrinsic function', 'function reference', 'qualifier', 'reference manual', 'dynamic property', 'data mapping', 'method handle', 'strings', 'method overriding', 'data import', 'alter table', 'eval context', 'hash aggregation', 'data type issue', 'type hierarchy', 'go env', 'go types', 'unique', 'assignment', 'type params', 'iter', 'export data', 'type alias', 'deno std', 'global', 'os string', 'const fns', 'str', 'const safety', 'f lifetime', 'recursion limit', 'iterators', 'unstable attribute', 'f transmutability', 'float types', 'f fn delegation', 'implementation', 'pointer safety', 'trait upcasting', 'linked list', 'f closure', 'static', 'return type notation', 'f specialization', 'pointer aliasing', 'non local definitions', 'interior mutability', 'never type', 'unnamed fields', 'data layout', 'associated functions', 'const functions', 'elements', 'multiple inheritance', 'higher order ops', 'type promotion', 'count nonzero', 'sfinae', 'function support', 'loss function', 'custom operations', 'flops counting', 'models', 'loss functions', 'module list', 'counter', 'constexpr', 'state dict', 'data parallelism', 'load state dict', 'missing function', 'undefined symbol', 'custom class', 'while loop', 'index select', 'int type', 'return types', 'operator overloading', 'dynamic classes', 'arbitrary values', 'data attribute', 'modifier', 'boost', 'type guard', 'list', 'implementation detail', 'derived values', 'value classes', 'record', 'data redis', 'data', 'main class', 'application name', 'ansi element', 'dynamic property sources', 'propagation', 'lookup', 'index mode', 'doc values', 'index settings', 'nested fields', 'type propagation', 'mutability', 'function inlining', 'class loading', 'varargs', 'expression language', 'accessor', 'null pointer exception', 'expression parser', 'value class', 'inheritance', 'predicate', 'function analysis', 'import table', 'symbol table', 'list formatting', 'math functions', 'circular references', 'type stability', 'math function', 'uuids', 'type', 'subarray', 'self reference', 'operator precedence', 'function overloading', 'recursive functions', 'uv index', 'aws lambda', 'hash mismatch', 'data table', 'data loss', 'ref', 'v model', 'attributes', 'variant', 'magic methods', 'type coercion', 'hash table', 'date functions', 'property hooks', 'readonly class', 'method visibility', 'iteration', 'weak references', 'constant', 'range function', 'generic functions', 'function pointer', 'function calls', 'meta data', 'data inconsistency', 'primary key', 'data accuracy', 'data retrieval', 'global variable', 'system variables', 'column pruning', 'system table', 'boolean expressions', 'environment variable', 'data mismatch', 'out of bounds', 'spring expression', 'random number generation', 'type incorrectness', 'type unsoundness', 'nil pointer dereference', 'null pointer', 'backward pass', 'evaluation', 'data structure', 'constants', 'foreign function interface', 'const expr', 'equality', 'spring expression language', 'expression evaluation', 'type aliasing', 'comparison operator', 'string manipulation', 'borrowing', 'rust std', 'constant evaluation', 'variable scope', 'context manager', 'utility class', 'database migration', 'reference guide', 'data processing', 'namespace', 'constant expression', 'structs', 'numeric types', 'uninitialized variable', 'const generic', 'polymorphism', 'enums', 'function definition', 'invalid pointer', 'infinite loop', 'type annotation', 'undefined reference', 'state dictionary', 'nan values', 'model optimization', 'custom function', 'data conversion', 'data storage', 'method invocation', 'data modeling', 'null pointer access', 'null pointer dereference', 'ti database', 'default values', 'undefined variable', 'interface conversion', 'index out of range', 'pointers', 'path variable', 'range', 'nil pointer', 'bounds checking', 'false positives', 'prototype', 'env variable', 'const unsafety', 'lifetime parameters', 'ownership and borrowing', 'type system bug', 'non lifetime binders', 'const features', 'function pointers', 'array indexing', 'pointer', 'type traits', 'enum variant', 'domain const generics', 'generic parameter', 'type parameter issue', 'function arguments', 'reference counting', 'generic const items', 'static initialization', 'type checking bug', 'lifetime bounds', 'lazy initialization', 'type unification', 'static variable', 'trait specialization', 'std lib', 'nested tensor', 'data type conversion', 'symbolic variables', 'model compilation', 'timm models', 'random state', 'data type mismatch', 'parameter names', 'forward pass', 'list manipulation', 'scopes', 'reference docs', 'instanceof', 'data analysis', 'index store', 'type casting', 'list view', 'ordering', 'method argument resolution', 'string processing', 'binary data', 'data formatting', 'function id', 'constant propagation', 'type instability', 'array operations', 'lambda', 'array manipulation', 'domain database', 'result', 'database engine', 'invalid data', 'pick model', 'list item', 'case sensitivity', 'random number generator', 'hash function', 'type switch', 'type aliases', 'associated type', 'trait coherence', 'a trait objects', 'generic constants', 'function merging', 'generic parameters', 'pointer comparison', 'register class', 'trait associated types', 'move semantics', 'generic type', 'trait alias', 'naked functions', 'const expression', 'build std', 'virtual function elimination', 'type change', 'loops', 'forward ref', 'mutable mapping', 'operator implementation', 'index fill', 'equivalence', 'reorder', 'reference cycle', 'data dependency', 'constant folding', 'custom autograd function', 'type hint issue', 'data dependent', 'model evaluation', 'custom operator', 'type punning', 'unary functions', 'custom backend', 'important modifier', 'types issue', 'component name', 'deterministic order', 'database integration', 'value object', 'correlation ids', 'default value', 'index mapping', 'index template', 'union type', 'partial results', 'key bindings', 'fallback function', 'equals hashcode', 'immutability', 'evaluation context', 'function invocation', 'suspend function', 'copy properties', 'enhanced classes', 'context propagation', 'key binding', 'column', 'class recovery', 'sort order', 'tables', 'type constraint', 'abstract types', 'type annotations', 'index strategy', 'default state', 'type juggling', 'uninitialized', 'integer type', 'incompatible types', 'multibyte string', 'array handling', 'cost model', 'unique constraint', 'limit operator', 'system tables', 'initializers', 'string comparison', 'order', 'form data', 'symbolic function', 'maria db', 'temporary table', 'recursive types', 'const context', 'static method', 'function compilation', 'function missing', 'composite', 'type compatibility', 'method call', 'map iteration', 'uuid', 'incomplete implementation', 'smart pointer', 'ptr metadata', 'sized trait', 'type instantiation', 'static mut', 'private items', 'vec', 'infinite recursion', 'trait method', 'nested tensors', 'mathematical function', 'complex types', 'optimizer state', 'prefix', 'immutable', 'svelte class', 'scope restart', 'null values', 'core function', 'generated column', 'key range', 'index usage', 'key mapping']"
sql query,4,sql,420,2133,"['esql', 'sql', 'ddl', 'jdbc', 'query planner', 'optimizer', 'indexing', 'workbench', 'planner', 'partitioning', 'mysql', 'aggregation', 'query', 'postgresql', 'driver', 'driver upgrade', 'driver update', 'query execution', 'sql parser', 'query optimization', 'pdo', 'reindex', 'tidb sql', 'hash join', 'sql syntax', 'join', 'tidb', 'eager', 'optimizers', 'spatial', 'pgsql', 'cte', 'query plan', 'sqlite', 'union', 'rollup', 'mariadb', 'mssql', 'dml', 'tidb ddl', 'sql feature', 'area sql', 'mdx', 'jaybird', 'sql plugin', 'aggregations', 'elasticsearch sql', 'driver 115', 'driver terabox', 'driver feijipan', 'firebird', 'slow query log', 'query planning', 'query optimizer', 'tidb planner', 'sql mode', 'tidb query', 'slow query', 'sqlite3', 'temporal', 'queries', 'query list', 'media queries', 'sqlserver', 'postgres', 'geospatial', 'lookup join', 'query dsl', 'bool query', 'query parser', 'odbc', 'mysqli', 'sql performance', 'reorganize partition', 'partition pruning', 'sql function', 'partition', 'sql query', 'query result', 'index join', 'tablesample', 'distinct', 'query language', 'sql optimization', 'eager execution', 'ojdbc', 'oci', 'elasticsearch query', 'sql functionality', 'sql engine', 'sql execution', 'drivers', 'dsr queries', 'sql server', 'aggregate', 'pruning', 'sql analysis', 'sql package', 'h2', 'sql es', 'sql parsing', 'xpack esql', '115 driver', 'query hang', 'sql update', 'query processing', 'sql schema']"
env file,2,terminal,454,1656,"['terminal', 'completion', 'command line', 'fs', 'shell', 'repl', 'filesystem', 'script', 'file system', 'command', 'ci cd', 'command palette', 'path', 'file handling', 'cmd', 'cfg', 'emulator', 'zsh', 'pe file', 'files', 'commands', 'prompt', 'command line behavior', 'command line interface', 'torch script', 'path handling', 'bash', 'interpreter', 'command line tool', 'symlink', 'scripts', 'sixel', 'header file', 'shell completion', 'path matching', 'lock file', 'completions', 'findfiles', 'command prompt', 'integrated terminal', 'chdir', 'cmd go', 'env file', 'readdir', 'subcommand', 'path mapping', 'cfg attr', 'file size', 'f check cfg', 'build script', 'command not found', 'terminal emulation', 'terminal protocol', 'command line tools', 'mv', 'content script', 'fs directory', 'fzf options', 'file import', 'domain file', 'flags', 'large file', 'file access', 'file type', 'extras', 'command issue', 'shebang', 'file cache', 'interactive shell', 'vim script', 'options', 'command block', 'option', 'echomsg', 'go command', 'command line options', 'file transfer', 'file io', 'command line flags', 'file format', 'directory', 'file', 'file upload', 'terminal feature', 'cli options', 'cli command', 'relative paths', 'configuration files', 'category: completion', 'domain: terminal', 'command failure', 'file loading', 'cli flags', 'command line args', 'terminal features', 'configure script', 'configuration option', 'file not found', 'directory operations', 'file extension', 'lock files', 'file watcher', 'path alias', 'command output', 'file reader', 'local files', 'readonly file system', 'relative path', 'command line arguments', 'cd', 'include path', 'script fields', 'shell command', 'fish shell', 'terminal emulator', 'script manager', 'file monitoring', 'raw file', 'mount', 'configuration file', 'file input', 'large files', 'script test', 'command consistency', 'shell script', 'path processing', 'command suggestion', 'temp directory', 'subdirectory', 'wheel file', 'po file']"
log analysis,2,logging,463,1087,"['logging', 'telemetry', 'metrics', 'monitoring', 'stats', 'zipkin', 'statistics', 'prometheus', 'reporting', 'newrelic', 'reporter', 'structured logging', 'grafana', 'multi monitor', 'audit', 'log backup', 'general log', 'log', 'slow log', 'tracker', 'tracking', 'stats tracking', 'metric', 'log management', 'log redaction', 'log analysis', 'log level']"
cluster,19,dynamo,456,1982,"['dynamo', 'docker', 'distributed', 'workflow', 'neo4j', 'mongodb', 'redis', 'elasticsearch', 'pytorch dynamo', 'azure', 'couchbase', 'batch', 'lucene', 'cluster', 'fabric', 'distribute', 'kibana', 'replication', 'torch dynamo', 'workflows', 'containerization', 'multi cluster', 'ingest', 'serverless', 'aws', 'etcd', 'mongo', 'bulk', 'mixed cluster', 'cloud', 'cron', 'tso', 'gcp', 'yarn', 'pipeline', 'sharding', 'pytorch distributed', 'batch norm', 'cloud foundry', 'ec2', 'ingest pipeline', 'cross cluster search', 'cross cluster', 'jakarta activation', 'cron expression', 'quartz', 'cluster level', 'batch mode', 'changefeed', 'distributed computing', 'distributed system', 'torch distributed', 'kubernetes', 'distributed tensor', 'distributed systems', 'docker compose', 'elastic', 'embedded systems', 'dist distributed', 'multinode', 'pytorch elastic', 'domain: docker', 'batch processing', 'cloud native', 'cassandra', 'shards', 'multicluster', 'cloud sync', 'ci pipeline', 'distributed checkpointing', 'torch. dynamo', 'activation checkpointing', 'docker image', 'containerd', 'elasticsearch plugin', 'memcache', 'ec2 discovery', 'alpine', 'batching', 'distributed checkpoint', 'docker integration']"
css modules,8,javascript,547,3869,"['rendering', 'typescript', 'aot', 'css', 'renderer', 'dom', 'markdown', 'template', 'bootstrap', 'clippy', 'html', 'wasm', 'javascript', 'styling', 'style', 'nextjs', 'ssr', 'templating', 'esm', 'v8', 'svelte', 'rest template', 'angular', 'angular cli', 'markup', 'precompilation', 'electron', 'hmr', 'directive', 'sass', 'coding style', 'mustache', 'vuetify', 'webpack', 'minification', 'js', 'webidl', 'jsx', 'emscripten', 'mermaid', 'css generation', 'postcss', 'latex', 'ext dom', 'language style', 'babel', 'next js', 'css modules', 'react', 'webassembly', 'flatlist', 'nuxt', 't bootstrap', 'angular core', 'ts', 'directives', 'props', 'golang', 'weakmap', 'foreach', 'metaprogramming', 'dart', 'flutter', 'bundling', 'polyfills', 'inline', 'ui rendering', 'commonjs', 'polyfill', 'node js', 'host directive', 'zone js', 'angular dev', 'prerendering', 'ngfor', 'viewchild', 'template rendering', 'ngmodel', 'template pipeline', 'templates', 'storybook', 'source directive', 'css assets', 'vue', 'css syntax', 'css variables', 'css output', 'css processing', 'scoped styles', 'css transitions', 'css transformer', 'template literals', 'svelte directives', 'render', 'prop', 'template engine', 'scss', 'component template', 'fallback', 'html rendering', 'shadow dom', 'nodejs', 'domain: nodejs', 'domain: svelte', 'domain: angular', 'vuejs', 'html generation', 'styles', 'conditional rendering', 'editor rendering', 'domain: rendering', 'transpilation', 'javascript engine', 'angular component', 'component rendering', 'css utility', 'template literal', 'css styles', 'gomobile', 'domain: v8', 'topic: typescript', 'ecmascript', 'domain: esm', 'inline asm', 'style guide', 'domain: angular cli', 'angular guides', 'angular tutorial', 'template binding', 'angular integration', 'css parser', 'go template', 'dom manipulation', 'dom extension', 'template expansion', 'javascript core', 'shim', 'helper', 'zonejs', 'aot autograd', 'jquery', 'css rendering', 'template evaluation', 'markdown rendering', 'css selector', 'aot inductor', 'ecmascript modules', 'flexbox', 'html formatting', 'css custom properties', 'css import', 'svelte template', 'rest props']"
regex,37,syntax,255,769,"['syntax', 'parser', 'match', 'br', 'pattern matching', 'ast', 'generator', 'regex', 'fuzzy matching', 'toml parser', 'eval', 'template syntax', 'pcre', 'svelte syntax', 'glob', 'rank eval', 'never patterns', 'grammar', 'lexer', 'whitespace', 'concat', 'patterns', 'pattern', 'matcher', 'globbing', 'shorthand', 'delimiter', 'replace', 'heredoc', 'tokenizer', 'destructuring', 'replace into', 'charclass', 'generators', 'reversing', 'match statement', 'match expression', 'invalid syntax', 'pattern matcher', 'concatenation', 'matching', 'syntax definition', 'replacement', 'tokenization', 'regexp', 'match pattern', 'pattern mismatch', 'parentheses']"
spring beans,22,java,1923,8570,"['spring framework', 'spring boot', 'spel', 'codegen', 'java', 'reactor', 'kotlin', 'mvc', 'spring data', 'tomcat', 'kafka', 'jetty', 'webflux', 'actuator', 'hibernate', 'netty', 'jms', 'annotation', 'aop', 'spring hateoas', 'groovy', 'webmvc', 'undertow', 'dependency injection', 'spring retry', 'amqp', 'spring test', 'spring boot configuration', 'spring integration', 'hydration', 'aspectj', 'spring web', 'autowiring', 'spring graphql', 'jpa', 'bean definition', 'spring kafka', 'hazelcast', 'spring boot dependencies', 'bean', 'jsp', 'servlet', 'bean lifecycle', 'jsr', 'coherence', 'injection', 'autoconfiguration', 'spring boot autoconfigure', 'infinispan', 'spring boot web', 'annotation processing', 'spring context', 'persistence', 'hermes', 'spring boot 3.4', 'spring amqp', 'spring boot core', 'container', 'spring boot 3.2', 'spring beans', 'oracle', 'jdk', 'spring batch', 'bytebuddy', 'converter', 'beans', 'resttemplate', 'jakarta ee', 'spring boot starter web', 'thymeleaf', 'jooq', 'spring security', 'spring boot features', 'spring ldap', 'spring boot 3.3', 'spring pulsar', 'spring mvc', 'activemq', 'spring ws', 'beanfactory', 'freemarker', 'resolver', 'log4j2', 'jmx', 'annotations', 'binder', 'spring boot 3.x', 'spring boot buildpack', 'logback', 'rabbitmq', 'spring cloud', 'spring data mongodb', 'spring framework 6.1', 'spring webmvc', 'spring framework core', 'buildinfo', 'interceptor', 'spring boot starter', 'scoped beans', 'spring boot testing', 'lombok', 'spring restdocs', 'spring data jpa', 'spring aop', 'spring boot starter test', 'rabbit mq', 'artemis', 'log4j', 'spring data redis', 'spring boot 2.x', 'spring webflux', 'dsl', 'spring native', 'spring profiles', 'configurationproperties', 'spring boot cli', 'propertysource', 'commons compress', 'autoconfigure', 'netty4', 'spring scheduling', 'springframework', 'factorybean', 'spring framework 6.2', 'spring core', 'spring framework 6', 'factory bean', 'constructor injection', 'bean factory', 'spring orm', 'stomp', 'gorm', 'conversionerror', 'java 21', 'spring boot loader', 'factory', 'conditional on missing bean', 'spring data cassandra', 'spring boot starter activemq', 'spring boot 3.4.x', 'spring reactor', 'java io', 'spring boot test autoconfigure', 'spring cloud config', 'kotlin dsl', 'spring boot build', 'spring init', 'spring boot docker', 'spring environment', 'camel', 'spring boot auto configuration', 'jakarta', 'querydsl', 'orm', 'spring boot tools', 'jcache', 'reactor netty', 'hibernate validator', 'cglib', 'bean override', 'wildfly', 'spring data jdbc', 'jsr 330', 'spring coroutines', 'test annotation', 'bean validation', 'spring cloud stream', 'beanutils', 'mockmvc', 'spring websocket', 'ioc', 'setter injection', 'spring tx', 'spring', 'spring boot feature', 'spring projects', 'bean management', 'java ee', 'java support', 'spring boot plugin', 'spring configuration', 'injector', 'java features', 'interceptors', 'java configuration', 'mq', 'spring aot', 'interception', 'containers', 'domain: java', 'domain: spring boot', 'servlet container', 'spring micrometer', 'java annotations', 'java threading', 'spring features', 'java annotation', 'jsr packages', 'java ecosystem', 'conditional beans', 'jstl', 'java driver', 'java technology', 'spring boot 3', 'spring modules', 'spring properties', 'spring extensions', 'java stdlib', 'bean registration', 'provider', 'spring data r2dbc', 'spring boot upgrade', 'spring config', 'jndi', 'autowired', 'bean discovery', 'spring webclient', 'jdbctemplate', 'fault injection', 'spring bean', 'jetty reactive', 'activemq artemis', 'commons codec', 'container bean', 'spring java format', 'bean resolution', 'bean injection', 'bean creation', 'bean overriding', 'dev container', 'oracle jdk', 'spring data gemfire', 'httpcore', 'springboot', 'framework spring boot', 'spring boot maven plugin', 'spring boot compatibility', 'spring mockito']"
resolution,32,dependency resolution,171,357,"['dependency resolution', 'module resolution', 'resolution', 'property resolution', 'resource resolution', 'package resolution', 'marker resolution', 'symbol resolution', 'url resolution', 'conflict resolution', 'path resolution', 'import resolution', 'link resolution', 'trait resolution', 'variable resolution', 'resolution issue', 'placeholder resolution', 'qualifier resolution', 'uri resolution', 'resolution conflict', 'resolution strategy', 'type resolution']"
fuzzy search,14,search,201,324,"['search', 'filter', 'fuzzy', 'filtering', 'fuzzy search', 'component scan', 'ranking', 'search vectors', 'vector search', 'rescore', 'search syntax', 'search and replace', 'fuzzy finder', 'cse', 'elastic search', 'scan', 'search template', 'knn search', 'search function']"
rsa,7,crypto,206,690,"['crypto', 'ssl', 'xpack', 'rocm', 'tls', 'encryption', 'cryptography', 'fips', 'verification', 'wallet', 'x509', 'hashing', 'crypter', 'ilm', 'signer', 'dap', 'rsa', 'cve', 'handshake', 'jwk', 'i2p', 'certificate', 'bitcoin', 'blockchain', 'certificates', 'domain: crypto', 'cipher', 'asn1', 'domain: cryptography', 'pem', 'pinning', 'keystore', 'post quantum cryptography', 'signing', 'ssl configuration', 'sha256', 'decryption', 'root certificates', 'sha3']"
netbsd,2,instrumentation,70,574,"['instrumentation', 'threading', 'syscall', 'lockfile', 'kernel', 'syscalls', 'unix', 'multithreading', 'sys', 'darwin', 'plan9', 'mmap', 'readline', 'libc', 'posix', 'multiprocessing', 'qemu', 'pty', 'x sys unix', 'illumos', 'openbsd', 'freebsd', 'libstd', 'mpi', 'openmp', 'sema', 'oss', 'subprocess', 'os exec', 'sys unix', 'glibc', 'netbsd', 'exec', 'aix', 'stdin', 'musl', 'nix', 'waker', 'kernel generation', 'gil', 'usdt', 'multiprocess', 'pypy', 'forking', 'dtrace', 'futex', 'multi threading', 'panicking', 'stdio', 'ptrace', 'tty', 'forks', 'panicked', 'triton kernel', 'malloc', 'pthread', 'uefi']"
sdk,4,android,147,418,"['android', 'pulsar', 'ios', 'marketplace', 'sdk', 'temporal sdk', 'xcode', 'android issue', 'adt', 'vscode marketplace', 'entitlements', 'arm64']"
inductor,243,inductor,243,276,"['inductor', 'stepper', 'pin ergonomics', 'pin', 'schematics', 'lora', 'dce', 'circuit breaker', 'spi', 'topic: inductor', 'circuit breaking']"
copilot chat,2,chat,139,237,"['chat', 'mail', 'inline chat', 'quick chat', 'webhooks', 'notification', 'smtp', 'copilot chat', 'chat feature', 'email', 'subscription', 'webhook', 'renewal', 'notifications', 'panel chat', 'chat integration', 'chat view', 'unsubscription', 'chat widget']"
tidb lightning,2,micrometer,147,176,"['micrometer', 'lightning', 'hip', 'metal', 'es', 'tidb lightning']"
npm package,4,rustdoc,114,844,"['rustdoc', 'toolchain', 'cmake', 'pip', 'net/http', 'npm', 'buildpack', 'deps', 'toml', 'crypto/tls', 'cargo', 'yaml', 'buildpacks', 'pyproject toml', 'zip', 'debuginfo', 'homebrew', 'pkg', 't rustdoc', 'rustfmt', 'adoc', 'sdkman', 'virtualenv', 'html/template', 'archive', 'asciidoc', 'pypi', 'venv', 'msys2', 'encoding/xml', 'text/template', 'encoding/json', 'os/exec', 'gopath', 'math/rand', 'database/sql', 'vendoring', 'ccache', 'jsdoc', 'rpath', 'meson', 'distutils', 'tar', 'uv pip', 'manylinux', 'pyproject', 'math/big', 'os/user', 'encoding/binary', 'bundler', 'npm package', 'postinstall', 'npm integration', 'a debuginfo', 'rustup', 'bindgen', 'sysroot', 'mingw', 'dist', 'brew', 'guix', 'webjars', 'ripgrep', 'rpm', 'orgmode', 'makefile', 'conda', 'monorepo', 'autodoc', 'bazel', 'hugo', 'go/build', 'npm support', 'ssg', 'subprojects', 'yaml test', 'goroot', 'godeps']"
rustc ice,3,ice,409,656,"['mir', 'copilot', 'vet', 'cds', 'mir opt', 'tokio', 'llama', 'poetry', 'diesel', 'fish', 'rustc book', 'crates', 'ninja', 'oxide', 'cat', 'fleet', 'badger', 'ice', 'notes', 'rustc ice', 'titanic', 'sri', ' ice ', 'ice ']"
async operation,3,concurrency,252,2158,"['async', 'compile time', 'concurrency', 'reactive', 'graphql', 'executor', 'ttl', 'timeout', 'io', 'build process', 'scheduler', 'virtual threads', 'reactivity', 'task', 'worker', 'coroutines', 'async await', 'tasks', 'thread safety', 'signals', 'scheduling', 'goroutine', 'hang', 'signal', 'uv lock', 'locking', 'process', 'defer', 'freezing', 'execution', 'timer', 'time', 'lock', 'timers', 'async runtime', 'slot', 'task scheduler', 'atomic', 'child process', 'promise', 'worker threads', 'async fn', 'libcore', 'f async', 'rxjs', 'dispatch', 'broadcast', 'slots', 'retry', 'ccr', 'blocking', 'clock', 'mutex', 'background tasks', 'async hooks', 'compilation time', 'bitwise operations', 'compile time issue', 'schedule', 'compile time behavior', 'asyncio', 'synchronization', 'task execution', 'time series', 'thread pool', 'task executor', 'fiber', 'dist task', 'comment thread', 'observable', 'redux', 'sendfile', 'goroutines', 'timing attack', 'kqueue', 'abort signal', 'promise hooks', 'workers', 'child processes', 'deno task', 'a coroutines', 'thread local', 'async closures', 'sleep', 'f async closure', 'futures', 'async fn traits', 'channel', 'async closure', 'channels last', 'pooling', 'process group', 'dispatcher', 'test execution', 'thread hang', 'reactive statements', 'fork join pool', 'rxjava', 'message queue', 'date time', 'unsafe operations', 'load time weaving', 'coroutine', 'flux', 'rsocket', 'suspend', 'jobs', 'freeze', 'threads', 'command execution', 'parallel execution', 'libuv', 'observer', 'execution plan', 'mutation', 'async merge', 'locks', 'unsupported operation', 'async execution', 'delay', 'signal handling', 'math operations', 'time zone', 'operation', 'math operation', 'just in time', 'cancellation', 'async operation', 'process execution', 'priority queue', 'timing', 'promise rejection', 'promises', 'script execution', 'async iterable', 'deno lock', 'crates io', 'mpsc', 'dispatching', 'collective operations', 'process improvement', 'retries', 'timed out', 'lag', 'scheduled task', 'copy operation', 'ddl operation', 'shared process', 'sigterm', 'sigint', 'time package', 'thread local storage', 'timing channel', 'constant time', 'ui thread', 'execution order', 'cloudflare workers', 'defer block', 'max pooling', 'functional execution', 'inplace operation', 'async collective tensor', 'pool', 'virtual thread', 'async enrich', 'apm', 'async handling', 'async executor', 'scheduled tasks', 'async requests', 'build time', 'continuation', 'broadcasting', 'universal locking', 'polling', 'latency', 'concurrency control', 'lock mechanism', 'pooled', 'reactive streams', 'thread interruption', 'asynchronous', 'atomic operations', 'retry mechanism', 'retry strategy', 'reconnection', 'atomic ops', 'receiver', 'context cancellation', 'test timeout', 'async io', 'async recursion', 'thread', 'bitwise operation', 'mathematical operations', 'pulsar reactive', 'backoff', 'blinking', 'lock resolution', 'atomic operation']"
snapshot recovery,2,migration,158,641,"['migration', 'information schema', 'schema', 'backup', 'restore', 'snapshot', 'checkpoint', 'checkpointing', 'flyway', 'txn', 'transaction management', 'transaction', 'backup restore', 'removal', 'incremental', 'nightly', 'recovery', 'flashback', 'info schema', 'incremental hydration', 'svelte migration', 'cascade', 'searchable snapshots', 'transactional', 'backup and restore', 'undo redo', 'narayana', 'revert', 'liquibase', 'feature migration', 'snapshots', 'snapshot restore', 'translog', 'trash', 'pitr', 'compaction', 'schema migration', 'schema tracker', 'undo', 'requires nightly', 'migrations', 'snapshot recovery', 'backup recovery', 'deletion', 'searchable snapshot', 'code migration', 'template migration', 'savepoint']"
dxf,2,mps,98,112,"['mps', 'astro', 'dxf', 'xla', 'riscv64', 'tcx']"
import,113,import,113,380,"['import', 'export', 'swc', 'onnx export', 'core dump', 'importer', 'dynamic imports', 'organize imports', 'serde', 'dynamo export', 'dcp', 'dynamic import', 'imports', 'package import', 'import map', 'exporter', 'torch export', 'var dump', 'exports', 'pickle', 'hdf5', 'hdfs', 'csv', 'ida exporter', 'dbt', 'lightning import', 'dump', 'parquet', 'pytorch export', 'module import', 'import maps', 'aot export']"
advice,2,suggestion,104,288,"['suggestion', 'suggest', 'comments', 'comment', 'help', 'feedback', 'question', 'suggestions', 'help wanted', 'clarification', 'inlay hints', 'inlay hint', 'hint', 'help system', 'type: discussion', 'ux feedback', 'type: question', 'topic autograd', 'topic tracing', 'suggest fix', 'wording suggestion', 'multiline comment', 'discussion', 'advice']"
attention,44,attention,44,87,"['attention', 'flex attention', 'attention mechanism', 'attention mechanisms', 'flash attention']"
webtestclient,2,deno,168,776,"['aten', 'cmd/go', 'turbopack', 'go/types', 'vite', 'miri', 'compiletest', 'uvx', 'aoti', 'segmentationfault', 'dumpling', 'memorymanagement', 'wasi', 'hir', 'otel', 'component: vselect', 'php8', 'featurerequest', 'quickpick', 'rmake', 'zoneless', 'forc', 'bsim', 'uaf', 'esmodules', 'x/build', 'cmd/cgo', 'modindex', 'noder', 'nilness', 'newrenderer', 'unsoundness', 'miscompilation', 'timm', 'learningrate', 'distribtued', 'regtest', 'otlp', 'cnb', 'crac', 'vmenu', 'undefinedbehavior', 'tiproxy', 'codespaces', 'codemod', 'synctest', 'sarif', 'jsonrpc2', 'objectpath', 'buildmode', 'mksnapshot', 'deno', 'pino', 'nalgebra', 'miscompile', 'conformer', 'torchvision', 'sve', 'bmm', 'devx', 'compilererror', 'pytree', 'colima', 'archunit', 'xcontent', 'enex', 'ntuple', 'advancer', 'memdb', 'pdms', 'loclist', 'domain: deno', 'domain/language', 'typeinference', 'consteval', 'domain/database', 'goenv', 'godev', 'skipfile', 'reparameterization', 'pnpm', 'netip', 'webtestclient']"
json parsing,11,json,130,764,"['json', 'serialization', 'jackson', 'mapping', 'xml', 'parsing', 'transformers', 'dtype', 'transformer', 'mapper', 'jaxb', 'compose', 'transform', 'gson', 'jersey', 'deserialization', 'simplexml', 'protobuf', 'transforms', 'pytorch transformers', 'xml configuration', 'parse', 'serialize', 'partitioner', 'flatten', 'dtype mapping', 'unflatten', 'xml ws', 'kotlin serialization', 'jsonpath', 'toml parsing', 'config parsing', 'xpath', 'xmlreader', 'domdocument', 'xinclude', 'mappings', 'marshalling', 'unmarshalling', 'unmarshaling', 'json rpc', 'json output', 'argument parsing', 'xml schema', 'json parsing', 'configuration parsing', 'json processing', 'json path', 'xml soap', 'metadata parsing', 'xml processing', 'json schema', 'json encoding']"
color theme,5,triton,79,307,"['theme', 'triton', 'color', 'font', 'placement', 'appearance', 'visibility', 'iconography', 'customization', 'metro', 'colors', 'decorations', 'decoration', 'light theme', 'dark theme', 'color scheme', 'color mix', 'theme extension', 'customizer', 'labels', 'font awesome', 'guidelines', 'theming', 'typography', 'fonts', 'color support', 'material', 'color theme', 'ansi color', 'labeling']"
repo,5,sync,105,634,"['sync', 'git', 'ssh', 'uv sync', 'github actions', 'webdav', 'repository', 'lfs', 'remote', 's3', 'remote ssh', 'history', 'github', 'submodules', 'branch', 'mirror', 'local history', 'push', 'upstream', 'bucket', 'snapshot repo', 'repo', 'git integration', 'sftp', 'setuptools scm', 'ghe', 'scm', 'vcs', 'github api', 'repositories', 'ipfs', 'mirroring', 'minio', 'branch protection', 'checkout', 'branch resolution', 'mirrors', 'gcs', 'github integration', 'collaborator nomination', 'github compatibility', 'gitea', 'github copilot', 'domain: git', 'gitignore', 'blobstore', 'revision history', 'commit', 'github migration', 'netrc', 'remote desktop', 'submodule', 'snapshot repository', 'mono repo', 'simple repository', 'ftp', 'scp', 's3 repository', 'azure snapshot repo', 'git dependency', 'repository verification']"
refactoring,174,refactoring,174,443,"['refactoring', 'refactor', 'cleanup', 'maintenance', 'tidy', 'recompilation', 'cleaning', 'reuse', 'reorganize', 'reorg', 'reorganization', 'type: refactor', 'clean up', 'type: refactoring', 'rewriting', 'rebuild']"
dynamic linking,8,linking,66,208,"['linking', 'dynamic shape', 'dynamic shapes', 'symbolic execution', 'symbolic shapes', 'symbolic computation', 'dynamic linking', 'symbolic conversion', 'deep linking', 'static linking', 'dynamic', 'symbolic', 'dynamic axes', 'symbolic links', 'dynamic tracing', 'symbolic link', 'symbolic tracing']"
date format,18,formatting,113,319,"['formatting', 'date', 'formatter', 'datetime', 'locale', 'timezone', 'date format', 'zone', 'timestamp', 'area datetime', 'ext date', 'nls', 'date parsing', 'date handling', 'locale issue', 'dates', 'datetime formatting']"
php fpm,16,php,120,695,"['opcache', 'zend engine', 'webserver', 'zend', 'php core', 'phpdbg', 'gd', 'openssl', 'php fpm', 'bcmath', 'phar', 'zend optimizer', 'fpm', 'libxml2', 'mbstring', 'zlib', 'intl', 'autoload', 'composer', 'systemd', 'zend extension', 'zts', 'libxml', 'gmp', 'php extension', 'php', 'luci', 'geoip', 'mysqlnd', 'mhash', 'php 8.4', 'pear', 'sapi', 'expat', 'symfony', 'php extensions', 'php internal', 'catalyst', 'php stdlib', 'domain php', 'php src', 'fastcgi', 'autoloader', 'php stream']"
binary format,3,encoding,94,427,"['encoding', 'output', 'unicode', 'format', 'streams', 'stream', 'decoder', 'ansi', 'streaming', 'buffer', 'utf8', 'compression', 'xxd', 'codec', 'pe format', 'internal representation', 'encoder', 'escaping', 'gob', 'brotli', 'structure', 'escape sequences', 'multi stream', 'output format', 'representation', 'binary', 'iconv', 'output buffering', 'stream wrappers', 'stream wrapper', 'output formatting', 'decode', 'ansi escape sequences', 'binary format', 'buffering', 'character encoding', 'go binary', 'corrupted binary', 'wrapper', 'buffers', 'buffer mutation', 'build output', 'custom stream wrapper', 'multibyte', 'charset', 'vt100']"
website content,3,website,55,277,"['website', 'link', 'shortcode', 'exif', 'pagination', 'meta', 'taxonomy', 'shortcodes', 'sitemap', 'build tags', 'permalink', 'tags', 'rss', 'link broken', 'google tag manager', 'links', 'meta registration', 'meta tensors', 'meta tensor', 'assets', 'site data', 'tag', 'cdn', 'build tag', 'broken link', 'static site generation', 'website content', 'category dynamo', 'site generation', 'permalinks', 'site authoring', 'hyperlinks', 'feed', 'sitemaps', 'external link']"
unstable,18,flaky,44,122,"['flaky', 'experimental', 'unstable', 'slog', 'stable diffusion', 'chore', 'verbose', 'intermittent', 'outdated', 'misleading', 'broken', 'confusing']"
impl trait,11,internal,30,169,"['internal', 'util', 'utils', 'impl trait', 'transmute', 'deref', 'intrinsic', 'internals', 'ql', 'predeclared', 'rustc internal', 'trait impl', 'pytorch internal', 'methodhandle', 'trampoline', 'vscode internal', 'vim internal', 'trait impl conflict', 'type alias impl trait', 'const trait impl', 'impl blocks', 'read impl', 'builtin', 'impl']"
net package,4,net,77,187,"['scripting', 'powershell', 'net', 'dependencyinjection', 'dependencyresolution', 'net package', 'packagemanagement', 'csharp']"
contract,4,lsp,35,204,"['typechecker', 'borrow checker', 'lsp', 'typechecking', 'hermit', 'signature help', 'orphan rules', 'i unsound', 'mypy', 'checker', 'odr violation', 'signature', 'constraint violation', 'contract analysis', 'typesystem', 'subtyping', 'constraint', 'constraints', 'smart contract', 'smart contracts', 'exclusion', 'protocol violation', 'non determinism', 'contract', 'contract annotations', 'rule', 'prohibition', 'placement rules']"
localization,40,i18n,43,179,"['localization', 'translation', 'i18n', 'internationalization', 'multilingual', 'gettext', 'localize', 'inflect', 'polish', 'english']"
ty,5,amp,36,47,"['amp', 'ty', 'tp', 'joplin']"
copy paste,13,editing,55,162,"['clipboard', 'paste', 'editing', 'copy', 'editable', 'clone', 'readonly', 'copy paste', 'cloning', 'tensor copy', 'note editing', 'paste issue', 'structured clone']"
binding,64,binding,64,105,"['binding', 'datasource', 'two way binding', 'bindings', 'bind', 'datatable', 'routing datasource', 'xml bind', 'svelte bindings', 'json bind']"
pytorch fx,3,fx,28,41,"['fx', 'dm', 'torch fx', 'pytorch fx', 'actuate']"
deno fmt,2,fmt,22,50,"['fmt', 'printer', 'printf', 'deno fmt', 'lld', 'print', 'dsd', 'stringer', 'printing']"
graph,25,graph,25,212,"['graph', 'dynamic graph', 'node compat', 'node integration', 'area core', 'graph execution', 'node', 'maps', 'region', 'tree', 'area modules', 'source maps', 'deno node', 'regions', 'graph construction', 'region balancing', 'tree sitter', 'map', 'visualization', 'node postgres', 'node modules', 'tree shaking', 'diagram', 'graph optimization', 'map location', 'graph break', 'graph compilation', 'source map', 'synthetic source', 'multi node', 'master node', 'program tree', 'location', 'marker', 'dynamic computation graph', 'graph manipulation', 'fx graph', 'area testing', 'graph recompilation', 'free marker', 'tree traversal', 'exploration', 'seed node', 'markers', 'map write', 'graph breaking', 'graph building', 'tree command']"
go,167,go,167,365,"['go', 'next dev', 'go tools', 'front matter', 'next 14', 'next start', 'next config', 'next lint', 'go mod', 'go tool', 'go runtime', 'next build', 'next og', 'go modules', 'go tooling', 'go stdlib', 'go toolchain', 'go packages', 'domain: go', 'go ssa', 'go internal', 'go cgo', 'go playground', 'go vet', 'go ide', 'domain: go tools', 'go tip', 'go work', 'step', 'front end', 'golang go', 'step over', 'go imports']"
dtensor,29,dtensor,29,29,['dtensor']
browser,20,devtools,25,154,"['explorer', 'browser', 'devtools', 'headless', 'inspector', 'firefox', 'quick open', 'webview', 'test explorer', 'chrome', 'inspect', 'safari', 'selenium', 'code browser', 'browser compatibility', 'proc open', 'open source', 'open telemetry', 'headless task', 'htmlunit', 'browser interaction']"
note,6,example,26,53,"['example', 'take along dim', 'expect', 'note', 'note taking', 'well formedness', 'type:release note']"
splfixedarray,4,spl,25,41,"['spl', 'collections', 'datastructures', 'splfixedarray']"
multi diff,2,diff,22,29,"['diff', 'multi diff', 'multi arch', 'multi line']"
read,6,fetch,21,95,"['fetch', 'find', 'saving', 'compare', 'extract', 'gather', 'save', 'read', 'scatter gather', 'store', 'querying', 'find links', 'read only', 'read engines', 'stale read', 'read aloud', 'retrieval', 'disposable store', 'native fetch', 'metadata reading', 'read write', 'save strategy']"
typos,8,typo,70,82,"['typo', 'typos', 'spelling', 'correction']"
sync load,3,shutdown,40,231,"['shutdown', 'startup', 'loader', 'model loading', 'module loading', 'boot', 'launch', 'launcher', 'hot reload', 'save load', 'loading', 'boot autoconfigure', 'boot starter', 'boot loader', 'lazy loading', 'data loading', 'live reload', 'restart', 'remote restart', 'package loading', 'async load', 'sync load', 'bootstrapping', 'refresh', 'graceful shutdown', 'reload', 'reloading', 'auto startup', 'node shutdown', 'cluster restart', 'binary loading', 'preload', 'load']"
naming convention,5,conventions,16,74,"['naming', 'rename', 'convention', 'calling convention', 'conventions', 'naming conflict', 'renaming', 'naming convention', 'calling conventions']"
formula,3,comptime,22,32,"['comptime', 'c10', 'cell', 'formula']"
deriving,2,derive,12,39,"['derive', 'tensor subclass', 'subclassing', 'subclasses', 'derives', 'deriving', 'override', 'not implemented']"
coercion,5,conversion,33,109,"['autocast', 'datatype', 'conversion', 'dtype conversion', 'incompatible', 'unboxing', 'coercion', 'autocasting', 'dtype mismatch', 'incompatibility', 'mismatch', 'casting', 'bigint', 'a coercions', 'nullable', 'cast']"
mime,7,upload,21,75,"['upload', 'multipart', 'mime types', 'mime', 'finfo', 'formdata', 'attachments', 'attachment', 'fileinfo', 'multipart upload', 'mime type', 'mimetype']"
reproducible,38,reproducible,38,67,"['playground', 'snippets', 'snippet', 'reproducible', 'reproduction', 'reproducible builds']"
lang,9,lang item,29,69,"['lang', 'lang items', 'julia lang', 'rust lang', 'go lang', 't lang', 'lang team', 'lang item', 'lang attribute']"
audio cues,2,stabilization,19,136,"['detection', 'speech', 'ocr', 'voice', 'audio', 'stabilization', 'autotune', 'playback', 'text to speech', 'microphone', 'cycle detection', 'vision', 'metering', 'media types', 'media type', 'tesseract', 'media playback', 'video', 'media', 'video player', 'filetype detection', 'audio cues', 'speech input', 'speech recognition', 'social media', 'anomaly detection', 'biometrics', 'recording', 'voice input', 'contributor recognition']"
godebug,15,godebug,15,24,"['godebug', 'fp8', 'go1', 'gomaxprocs']"
publishing,9,copyright,13,72,"['copyright', 'publish', 'license', 'publisher', 'dropbox', 'uv publish', 'microsoft account', 'publishing', 'licensing', 'onenote', 'onedrive', 'attribution', 'publication', 'microsoft', 'copyright update']"
live share,2,embedding,9,26,"['embedding', 'serve', 'sharing', 'live share', 'embedded', 'self hosted']"
versioning,51,versioning,51,112,"['observability', 'versioning', 'hateoas', 'mvcc', 'coordination', 'linearizability', 'semver', 'interning', 'topic: versioning', 'abstraction', 'deduplication', 'idempotence']"
quick pick,6,quick pick,6,18,"['quick picks', 'quick pick', 'painless', 'feat', 'e easy']"
watcher,6,watch,8,16,"['watcher', 'watch', 'changedetection']"
pie,4,pie,4,8,"['pie', 'dyn star']"
ort,3,pcode,5,16,"['pcode', 'linkname', 'in toto', 'attn', 'ort']"
115,5,115,5,5,['115']
ext standard,3,ext,5,8,"['ext standard', 'ext']"
quickopen,2,quickopen,2,2,['quickopen']
summary,3,toc,5,16,"['toc', 'listing', 'xref', 'stmt summary', 'miscellaneous', 'summary']"
investigation,2,troubleshooting,4,8,"['needs investigation', 'troubleshooting', 'investigation']"
missing,4,missing symbol,4,20,"['missing feature', 'package missing', 'missing symbol', 'missing', 'missing module', 'missing dependency', 'missing classes', 'component missing']"
init,13,init,13,22,"['alloc', 'init', 'uv init', 'refreshcontrol']"
depends,2,configurable,5,13,"['depends', 'require', 'configurable', 'cover']"
federated learning,3,deep learning,59,130,"['getting started', 'planning', 'frozen tier', 'deep learning', 'machine learning', 'learning rate', 'federated learning', 'domain: deep learning', 'domain machine learning', 'learning rate scheduler', 'stuck', 'beginner']"
docvalues,4,docvalues,4,6,"['docvalues', 'multivalue']"
elt,2,ppr,4,8,"['jsr223', 'ppr', 'elt']"
fix,8,fix,8,31,"['quick fix', 'fix', 'resolve', 'workaround', 'fix it', 'bypass', 'fix needed']"
commenting,9,commenting,9,11,"['commenting', 'wrapping']"
memento,3,memento,3,6,"['memento', 'restoration']"
unwind,3,unwinding,5,8,"['unwinding', 'unwind']"
conhost,2,winget,3,10,"['winget', 'conhost', 'entrypoint', 'entrypoints']"
dataclass,2,dataclasses,5,9,"['dataclasses', 'dataloader', 'dataclass']"
mergebot,2,mergebot,2,2,['mergebot']
builder,5,builder,5,5,['builder']
terminology,2,playwright,2,6,"['playwright', 'terminology', 'term']"
adapter,6,adapter,6,8,"['adapter', 'getitem']"
autolink,3,autolink,3,5,"['autolink', 'pressable']"
fusion,3,fusion,3,3,['fusion']
