Label,Count
bug,2008
enhancement,1042
documentation,980
dependency-update,523
test-failure,521
compiler,504
feature-request,495
ui,488
build,466
compiler-error,433
api,430
performance,408
testing,371
ci,333
runtime,306
dependency-upgrade,253
test,225
security,221
cli,209
regression,203
editor,194
database,193
feature,187
build-system,179
esql,156
terminal,150
gopls,141
logging,138
plugin,138
windows,134
runtime-error,125
type-system,119
gradle,118
configuration,116
dynamo,116
rendering,114
syntax,110
web,106
behavior,98
extension,95
accessibility,93
docker,93
dependency-management,93
maven,90
spring-framework,89
trait,88
spring-boot,87
typescript,86
integration,86
crash,83
panic,83
dependency,82
integration-test,80
sql,79
error,76
optimization,75
docs,72
dependency-resolution,71
compile-error,70
http,70
search,68
type-error,68
crypto,65
tooling,65
language,64
core,63
aot,62
instrumentation,61
cuda,61
spel,59
memory-leak,58
android,58
networking,57
lifetime,57
distributed,57
python,56
codegen,56
upgrade,56
java,56
installation,55
cache,55
rustc,55
inductor,55
layout,54
reactor,54
css,53
messaging,53
pulsar,52
workspace,51
component,51
kotlin,51
mvc,51
config,50
jit,50
debugger,49
deprecation,49
build-failure,49
chat,48
cpu,48
micrometer,48
error-message,47
improvement,47
ux,46
user-interface,46
tracing,46
std,46
rustdoc,46
memory,45
httpclient,45
telemetry,44
parser,44
metrics,44
frontend,44
mir,44
spring-data,44
workflow,43
autograd,43
ddl,43
authentication,42
async,42
server,42
segfault,42
migration,42
onnx,42
mps,42
infrastructure,40
jdbc,40
compiler-bug,39
tomcat,39
compile-time,38
cgo,38
functionality,37
import,36
ios,36
index,36
compilation,36
debug,35
completion,35
os,35
concurrency,35
kafka,35
query-planner,35
renderer,34
web-server,34
network,34
llvm,34
suggestion,33
generics,33
memory-safety,33
compatibility,33
dependencies,33
ownership,33
attention,33
reactive,33
r2dbc,33
jetty,33
native-image,33
language-server,32
dom,32
routing,32
graphql,32
optimizer,32
ssl,32
auto-configuration,32
extensions,31
markdown,31
diagnostics,31
struct,31
compiler-behavior,31
aten,31
x-pack,31
settings,30
environment,30
command-line,30
template,30
json,30
enum,30
indexing,30
theme,29
type-bug,29
sync,29
api-change,29
serialization,29
packaging,29
testfailure,29
dependency-conflict,29
neo4j,29
webflux,29
macos,28
debugging,28
refactoring,28
linking,28
metadata,28
warning,28
analysis,28
const-eval,28
tensor,28
executor,28
validation,28
input,27
linux,27
formatting,27
gc,27
doc,27
macro,27
gui,27
torch-compile,27
actuator,27
opcache,27
tikv,27
workbench,26
bugs,26
encoding,26
website,26
bootstrap,26
toolchain,25
fuzzing,25
iterator,25
data-race,25
torch.compile,25
notebook,24
caching,24
error-handling,24
language-feature,24
flaky,24
release,24
cmake,24
nn,24
pip,24
vim9script,24
gpu,23
extension-api,23
internal,23
scripting,23
threading,23
functional,23
zend-engine,23
vimscript,23
navigation,22
webserver,22
compile,22
cmd/go,22
linker,22
user-experience,22
assertionerror,22
pytorch-core,22
triton,22
export,22
hibernate,22
netty,22
framework-upgrade,22
mockito,22
reflection,22
planner,22
tools,21
package-manager,21
memory-management,21
http2,21
typechecker,21
traits,21
fsdp,21
storage,21
jackson,21
jms,21
uv-cli,21
powershell,20
localization,20
turbopack,20
abi,20
clippy,20
lint,20
operator,20
xpu,20
pytorch,20
junit,20
spring-session,20
ldap,20
annotation,20
aop,20
information-schema,20
git,19
backend,19
syscall,19
net/http,19
compiler-internal,19
assertion,19
function,19
quantization,19
partitioning,19
mysql,19
rest,19
zend,19
race-condition,18
scrolling,18
runtimeerror,18
html,18
refactor,18
ssa,18
linting,18
assertion-failure,18
overflow,18
fs,18
http-client,18
libraries,18
spring-hateoas,18
infoschema,18
shell,17
coverage,17
c++,17
event-handling,17
wasm,17
code-style,17
asan,17
api-design,17
type-inference,17
library,17
components,17
unsafe-code,17
compiler-warning,17
compilation-error,17
inference,17
framework,17
classpath,17
webclient,17
aggregation,17
tidb-server,17
ttl,17
ide,16
filter,16
runtime-panic,16
breaking-change,16
integer-overflow,16
lifecycle,16
borrow-checker,16
flaky-test,16
pytorch-api,16
cpp,16
groovy,16
webmvc,16
suggest,15
keyboard,15
schema,15
timeout,15
ui-bug,15
permissions,15
npm,15
repl,15
filesystem,15
go/types,15
analyzer,15
net,15
rfc,15
test-framework,15
language-design,15
io,15
vite,15
mongodb,15
build-tools,15
mobile,15
build-process,15
torchscript,15
scheduler,15
amp,15
svelte-5,15
upgrades,15
library-update,15
virtual-threads,15
buildpack,15
undertow,15
gradle-plugin,15
xpack,15
dependency-injection,15
decompiler,15
backup,15
javascript,14
experimental,14
script,14
client,14
gdb,14
language-go,14
package-management,14
match,14
array,14
rocm,14
mapping,14
rpc,14
spring-retry,14
amqp,14
spring-test,14
restore,14
filetype,14
auth,13
copilot,13
clipboard,13
typeerror,13
styling,13
design,13
input-handling,13
model,13
image,13
style,13
lsp,13
profiler,13
build-error,13
cross-compilation,13
cleanup,13
install,13
binding,13
f-compiler,13
safety,13
backward,13
dynamic-shape,13
fx,13
data-type,13
redis,13
xml,13
spring-boot-configuration,13
properties,13
testcontainers,13
spring-integration,13
query,13
decompilation,13
uv-tool,13
br,13
tiflash,13
netrw,13
hover,12
autocomplete,12
comments,12
file-system,12
automation,12
command,12
api-proposal,12
output,12
nextjs,12
build-issue,12
app-router,12
parsing,12
tls,12
fmt,12
const,12
behavior-change,12
module,12
monitoring,12
snapshot,12
lockfile,12
trait-related,12
pattern-matching,12
f-traits,12
closures,12
f-compiler-error,12
compiler-lint,12
undefined-behavior,12
hydration,12
reactivity,12
graph,12
elasticsearch,12
postgresql,12
exception,12
aspectj,12
highlighting,12
date,12
data-consistency,12
console,11
preview,11
task,11
session,11
kernel,11
ssh,11
ssr,11
module-resolution,11
math,11
slices,11
pprof,11
types,11
profiling,11
driver,11
go,11
test-runner,11
miri,11
change-detection,11
torchdynamo,11
pytorch-dynamo,11
dynamic-shapes,11
device,11
dtensor,11
data-types,11
azure,11
integration-tests,11
datasource,11
driver-upgrade,11
spring-web,11
autowiring,11
stats,11
desktop,11
uv-sync,11
undefinedbehaviorsanitizer,11
explorer,10
display,10
icon,10
module-system,10
text,10
code-cleanup,10
example,10
worker,10
unstable,10
elf,10
hash,10
ast,10
reproducibility,10
string,10
webgpu,10
import-error,10
dependency-issue,10
compiletest,10
typechecking,10
warnings,10
coroutines,10
transformers,10
custom-ops,10
complex-numbers,10
python-api,10
dtype,10
p2p,10
actions,10
templating,10
driver-update,10
opentelemetry,10
graalvm,10
spring-graphql,10
github-actions,10
rest-api,10
jpa,10
bean-definition,10
uvx,10
spl,10
proxy,9
keybindings,9
focus,9
update,9
usability,9
input-method,9
diff,9
esm,9
language-features,9
ui-issue,9
next-dev,9
fetch,9
reflect,9
dashboard,9
proposal,9
unicode,9
generic,9
webdav,9
v8,9
node-api,9
deps,9
svelte,9
format,9
async-await,9
const-evaluation,9
translation,9
i18n,9
typo,9
custom-op,9
checkpoint,9
backport,9
plugin-update,9
couchbase,9
bomr,9
shutdown,9
npe,9
spring-kafka,9
hazelcast,9
data-access,9
ci-cd,9
mail,9
discovery,9
query-execution,9
repository,9
php-core,9
ubsan,9
phpdbg,9
lightning,9
query-performance,9
sql-parser,9
color,8
event,8
shell-integration,8
startup,8
features,8
language-support,8
api-documentation,8
comment,8
tasks,8
browser,8
api-clarity,8
typos,8
command-palette,8
sorting,8
assertion-error,8
swc,8
redirect,8
vet,8
grpc,8
unsafe,8
vscode,8
path,8
test-failures,8
slice,8
architecture,8
environment-variables,8
formatter,8
sveltekit,8
api-compatibility,8
std-library,8
ffi,8
thread-safety,8
edition-2024,8
attribute,8
naming,8
target,8
t-compiler,8
runtime-behavior,8
generator,8
scope,8
comptime,8
signals,8
zone.js,8
aoti,8
checkpointing,8
torchinductor,8
tensor-operations,8
linalg,8
transformer,8
accuracy,8
toml,8
batch,8
spring-boot-dependencies,8
authorization,8
backward-compatibility,8
bean,8
maven-plugin,8
rest-template,8
library-upgrade,8
jsp,8
exception-handling,8
servlet,8
lucene,8
ml,8
cluster,8
mapper,8
bean-lifecycle,8
datetime,8
analyze,8
gd,8
query-optimization,8
mysql-compatibility,8
foreign-key,8
settings-sync,7
menu,7
angular,7
selection,7
event-listener,7
profile,7
jupyter,7
help,7
url,7
view,7
eslint,7
loader,7
router,7
packages,7
protocol,7
quic,7
race-detector,7
govulncheck,7
scheduling,7
goroutine,7
spec,7
crypto/tls,7
wiki,7
trace,7
asm,7
download,7
context,7
link,7
fabric,7
textinput,7
devtools,7
streams,7
collaboration,7
jsr,7
websocket,7
compiler-suggestion,7
macro-expansion,7
compiler-crash,7
coherence,7
cargo,7
test-infrastructure,7
recursion,7
const-generics,7
derive,7
simd,7
closure,7
trait-bounds,7
uv,7
segmentation-fault,7
cursor,7
typing,7
injection,7
angular-cli,7
torch-function,7
dynamic-graph,7
nccl,7
numpy,7
complex,7
training,7
svelte-compiler,7
shortcode,7
content,7
deployment,7
autoconfiguration,7
spring-boot-autoconfigure,7
infinispan,7
spring-boot-web,7
zipkin,7
jaxb,7
data-streams,7
ci-test-failure,7
annotation-processing,7
spring-context,7
file-handling,7
openssl,7
pikpak,7
pdo,7
fuzzy,7
status-bar,6
markup,6
rust,6
api-enhancement,6
feedback,6
release-notes,6
persistence,6
test-flaky,6
code-review,6
hang,6
mouse,6
turbo,6
middleware,6
server-actions,6
internationalization,6
parallelism,6
runtime-issue,6
semantic-tokens,6
syscalls,6
interface,6
unix,6
perf,6
signal,6
dns,6
build-tool,6
tool,6
client-server,6
internal-error,6
api-breaking-change,6
semantic-analysis,6
test-suite,6
compile-time-error,6
api-reference,6
scrollview,6
new-architecture,6
hermes,6
api-deprecation,6
util,6
stream,6
connectivity,6
consistency,6
node-compat,6
svg,6
regex,6
encryption,6
trait-system,6
repr,6
allocator,6
c-interop,6
compiler-optimization,6
float,6
effects,6
tests,6
mkldnn,6
pytorch-test,6
torch.export,6
aotautograd,6
symbolic-execution,6
onnx-export,6
roc,6
autocast,6
linter,6
distribute,6
oom,6
multithreading,6
distributed-training,6
torch,6
core-dump,6
bfloat16,6
model-loading,6
initialization,6
animation,6
reindex,6
class,6
yaml,6
compose,6
spring-boot-3.4,6
ci/cd,6
data-source,6
reactive-programming,6
flyway,6
buildpacks,6
authorization-server,6
spring-amqp,6
spring-boot-core,6
property-binding,6
container,6
jar,6
cds,6
uri,6
spring-boot-3.2,6
spring-beans,6
kibana,6
replication,6
expression,6
importer,6
lfs,6
upload,6
precompilation,6
pyproject-toml,6
python-integration,6
uv-lock,6
segmentationfault,6
php-fpm,6
soap,6
statistics,6
dumpling,6
tidb-sql,6
hash-join,6
txn,6
visual-mode,6
code,5
remote,5
dialog,5
paste,5
keyboard-shortcuts,5
extension-host,5
text-display,5
remote-development,5
electron,5
inline-chat,5
profiles,5
window-management,5
registry,5
code-quality,5
diff-editor,5
state-management,5
unused-code,5
wsl,5
window,5
events,5
indentation,5
ui-ux,5
dynamic-imports,5
hmr,5
api-improvement,5
benchmark,5
deadlock,5
cryptography,5
runtime-crash,5
cmd,5
sys,5
playground,5
format-string,5
tutorial,5
stack,5
locking,5
env,5
code-generation,5
type-safety,5
ipv6,5
api-behavior,5
fuzz,5
zip,5
module-loading,5
decoder,5
autolinking,5
process,5
api-docs,5
image-processing,5
t-traits,5
opaque-types,5
compiler-errors,5
rustc-error,5
cfg,5
macro-rules,5
lang,5
future,5
configure,5
sort,5
diagnostic,5
debuginfo,5
unstable-features,5
integer,5
forms,5
link-issue,5
directive,5
build-performance,5
defer,5
backpropagation,5
flex-attention,5
ir,5
compiling,5
ci-failure,5
sympy,5
memorymanagement,5
priority-medium,5
fft,5
sparse,5
collective,5
floating-point,5
vmap,5
utils,5
symbolic-shapes,5
transitions,5
resource-loading,5
sass,5
table,5
transform,5
exif,5
headless,5
resource-handling,5
oracle,5
forward-port,5
boot,5
paketo,5
jdk,5
spring-batch,5
gson,5
condition,5
jersey,5
native,5
language-groovy,5
bytebuddy,5
mock,5
websockets,5
pull-request,5
oauth2,5
jakartaee,5
sbom,5
homebrew,5
converter,5
language-kotlin,5
ansi,5
classloading,5
observation,5
web-flux,5
logsdb,5
fuzzy-matching,5
streaming,5
beans,5
request-mapping,5
resttemplate,5
multipart,5
emulator,5
pull-requests,5
api-error,5
pkg,5
toml-parser,5
uv-python,5
uv-api,5
python-version,5
resolution,5
bcmath,5
curl,5
pd,5
sql-syntax,5
join,5
tidb,5
termdebug,5
panel,4
debug-console,4
zsh,4
quick-chat,4
visual,4
folding,4
find,4
keybinding,4
treeview,4
locale,4
snippets,4
detection,4
smoke-test,4
freezing,4
syntax-highlighting,4
input-output,4
breakpoint,4
insiders,4
font,4
variables,4
question,4
api-usage,4
rename,4
api-issue,4
editing,4
speech,4
ide-features,4
execution,4
dev-server,4
pagination,4
type-check,4
stacktrace,4
darwin,4
type-checker,4
plan9,4
editor-integration,4
indexer,4
fips,4
x-tools,4
gomote,4
gcimporter,4
godebug,4
standard-library,4
timer,4
memory-corruption,4
alignment,4
api-breaking,4
privacy,4
highlight,4
assembly,4
time,4
lock,4
mmap,4
type:bug,4
copyright,4
pe-file,4
static-analysis,4
pgo,4
release-management,4
slog,4
new-feature,4
timezone,4
vulnerability,4
embedding,4
language-behavior,4
rfc-compliance,4
leak,4
newarchitecture,4
image-loading,4
inspector,4
errors,4
timers,4
buffer,4
eval,4
readline,4
type-api,4
utf8,4
nodejs-compatibility,4
library-compatibility,4
node-integration,4
stability,4
type-mismatch,4
vitest,4
connection,4
data-corruption,4
t-rustdoc,4
ty,4
proc-macro,4
compiler-rt,4
impl-trait,4
rustfmt,4
const-fn,4
mir-opt,4
const-propagation,4
transmute,4
intrinsics,4
static-items,4
const-items,4
wasi,4
associated-types,4
hir,4
fn-delegation,4
stack-overflow,4
dead-code,4
target-support,4
msvc,4
async-runtime,4
t-build-system,4
compilers,4
typeck,4
vector,4
help-text,4
libc,4
collections,4
posix,4
conpty,4
angular.dev,4
custom-elements,4
firefox,4
template-syntax,4
component-interaction,4
area-core,4
linear,4
norm,4
pipelining,4
graph-execution,4
torch-dynamo,4
hip,4
devicemesh,4
api-consistency,4
verification,4
gradient,4
eager,4
datatype,4
unittest,4
torchcompile,4
torch.fx,4
cpp-extension,4
optimizers,4
nestedtensor,4
multiprocessing,4
distributeddataparallel,4
distributions,4
third-party,4
meta,4
placement,4
slot,4
transition,4
qt,4
wallet,4
data-structures,4
data-model,4
svelte-component,4
svelte-core,4
taxonomy,4
plugin-upgrade,4
jakarta-ee,4
spring-boot-starter-web,4
thymeleaf,4
property-resolution,4
adoc,4
javadoc,4
jooq,4
spring-security,4
spring-boot-features,4
multi-release,4
spring-ldap,4
build-tooling,4
constructor,4
spring-boot-3.3,4
observability,4
prometheus,4
configuration-properties,4
otel,4
sdkman,4
coding-style,4
spring-pulsar,4
spring-mvc,4
activemq,4
spring-authorization-server,4
transaction-management,4
release-process,4
spring-ws,4
property-placeholder,4
endpoint,4
mustache,4
s3,4
spatial,4
tmux,4
sway,4
data-binding,4
beanfactory,4
task-scheduler,4
freemarker,4
transaction,4
qemu,4
overlay,4
ocr,4
rich-text-editor,4
driver-issue,4
download-issue,4
arrays,4
requires-python,4
versioning,4
resolver,4
virtualenv,4
package-installation,4
uv-run,4
vuetify,4
v-data-table,4
component:-vselect,4
phar,4
pcre,4
zend-optimizer,4
fpm,4
memorysafety,4
libxml2,4
mbstring,4
php8,4
pgsql,4
generated-columns,4
backup-restore,4
coprocessor,4
cte,4
privilege,4
query-plan,4
vim9,4
popup,4
vim9class,4
quick-open,3
files,3
code-smell,3
download-failure,3
remote-debugging,3
webview,3
activity-bar,3
toolbar,3
vscode-extension,3
extension-installation,3
tree-view,3
featurerequest,3
test-explorer,3
text-model,3
vim,3
launch,3
quickpick,3
code-editor,3
extension-management,3
ai,3
api-incompatibility,3
code-optimization,3
code-lens,3
node,3
extensionhost,3
suggestions,3
remote-ssh,3
clarity,3
commands,3
quick-picks,3
memoryleak,3
tooltip,3
prompt,3
history,3
watcher,3
help-wanted,3
window-behavior,3
state,3
aux-window,3
voice,3
audio,3
developer-experience,3
webpack,3
headers,3
client-side,3
relay,3
minification,3
vercel,3
server-rendering,3
html/template,3
js,3
pkgsite,3
examples,3
cmd/trace,3
cross-compile,3
go1.x,3
relui,3
reporting,3
workflows,3
atomic,3
code-action,3
modules,3
go1.23,3
action,3
go-tools,3
assembler,3
maps,3
area/build,3
area/testing,3
go1.22,3
github,3
acme,3
request-body,3
user-facing,3
dwarf,3
appearance,3
organize-imports,3
x/telemetry,3
error-reporting,3
transport,3
parse-error,3
x509,3
go.mod,3
pie,3
mach-o,3
archive,3
build-related,3
reference,3
type-improvement,3
type-checking,3
command-line-behavior,3
removal,3
feature-discussion,3
platform-compatibility,3
compiler-feedback,3
relocation,3
semantics,3
quickfix,3
dark-mode,3
turbomodule,3
touch,3
bridgeless,3
flow,3
syntax-error,3
native-modules,3
modal,3
assert,3
contributor,3
zlib,3
serde,3
sqlite,3
webidl,3
object-model,3
child-process,3
vm,3
promise,3
parallel,3
worker-threads,3
circular-dependency,3
property-access,3
type-feature,3
governance,3
installer,3
watch,3
framework-integration,3
http-headers,3
random,3
tokio,3
type:enhancement,3
jsx,3
astro,3
api-request,3
api-missing,3
publish,3
web-api,3
compression,3
jest,3
f-type-system,3
f-abi,3
edition,3
f-trait,3
compiler-frontend,3
api-review,3
hermit,3
rmake,3
emscripten,3
async-fn,3
compiler-panic,3
extern-c,3
libcore,3
compiler-builtins,3
f-unsafe,3
drop,3
f-closures,3
rustc-bug,3
f-async,3
cfi,3
index-out-of-bounds,3
a-compiler,3
incremental-compilation,3
riscv,3
f-const,3
delegation,3
copy,3
unsized-types,3
license,3
t-const,3
extern,3
incremental,3
submodules,3
nightly,3
object-safety,3
bounds,3
command-line-interface,3
union,3
specialization,3
zoneless,3
angular-compiler,3
platform-server,3
rxjs,3
content-projection,3
dependencyinjection,3
mermaid,3
area-compiler,3
class-binding,3
symbolic-computation,3
torch.cond,3
set,3
dispatch,3
conv1d,3
interpolation,3
torch-script,3
compute,3
stable-diffusion,3
mkl,3
matmul,3
runner,3
aotcompilation,3
llama,3
compiler-issue,3
conv2d,3
conv,3
broadcast,3
torch-api,3
nn-modules,3
huggingface,3
nn-module,3
inference-mode,3
dynamo-export,3
boolean,3
dcp,3
bool,3
python-compatibility,3
type-hints,3
type:-bug,3
compile-autograd,3
performance-regression,3
cudagraphs,3
tensor-subclass,3
c10d,3
tvm,3
inlining,3
arm,3
memory-access,3
model-behavior,3
tensorboard,3
css-generation,3
utility,3
postcss,3
plugin-issue,3
plugins,3
selector,3
clang,3
data-integrity,3
custom-element,3
svelte-syntax,3
slots,3
rollup,3
goldmark,3
front-matter,3
shortcodes,3
content-rendering,3
latex,3
images,3
path-handling,3
multilingual,3
glob,3
language-update,3
log4j2,3
jmx,3
mariadb,3
annotations,3
retry,3
asciidoc,3
technology,3
build-info,3
binder,3
request-handling,3
management,3
bom,3
conditional,3
convention,3
application-context,3
test-improvement,3
mssql,3
spring-boot-3.x,3
spring-boot-buildpack,3
containerization,3
launcher,3
logback,3
newrelic,3
constructor-binding,3
rabbitmq,3
conversion,3
classloader,3
spring-cloud,3
image-building,3
domain-core,3
startup-failure,3
mime-types,3
spring-data-mongodb,3
web-client,3
class-loader,3
cookie,3
java-version,3
rest-client,3
maintenance,3
api-removal,3
rank-eval,3
multi-cluster,3
date-format,3
recovery,3
knn,3
ccr,3
filtering,3
ingest,3
fullclusterrestartit,3
keyword,3
ui-enhancement,3
terminal-integration,3
bash,3
usage,3
interactive,3
ui-improvement,3
instruction-handling,3
visibility,3
forc,3
memory-usage,3
resource-resolution,3
web-mvc,3
bean-post-processing,3
sse,3
spring-framework-6.1,3
blocking,3
web-framework,3
null-safety,3
mime,3
restclient,3
deserialization,3
spring-webmvc,3
spring-framework-core,3
string-handling,3
bsim,3
disassembly,3
pdb,3
disassembler,3
rtti,3
switch-statement,3
pcode,3
codebrowser,3
conflicts,3
branch,3
mirror,3
pypi,3
project,3
webhooks,3
115,3
method-dispatch,3
wheel,3
cli-usage,3
python-versioning,3
editable,3
venv,3
poetry,3
uv-add,3
labs,3
form,3
calendar,3
simplexml,3
uaf,3
intl,3
zendengine,3
ext-calendar,3
ext-dom,3
ext-standard,3
calling-convention,3
dml,3
checksum,3
tidb-ddl,3
sql-feature,3
data-migration,3
resource-control,3
area-sql,3
auto-analyze,3
flashback,3
info-schema,3
region,3
xxd,3
gettext,3
autocommand,3
autoload,3
gvim,3
icons,2
widget,2
code-server,2
editor-feature,2
multi-window,2
zoom,2
quick-pick,2
language-model,2
references,2
marketplace,2
saving,2
iconography,2
source-control,2
draganddrop,2
text-editor,2
stepping,2
setting,2
instantiation,2
vscode-ui,2
msal,2
publisher,2
test-missing,2
code-clarity,2
extension-issues,2
api-update,2
esmodules,2
notification,2
input-focus,2
lldb,2
local-history,2
language-style,2
pty,2
devcontainer,2
extension-issue,2
chatgpt,2
extensionapi,2
fuzzy-search,2
compare,2
web-ui,2
quickopen,2
customization,2
ui-feedback,2
monaco-editor,2
urls,2
autosave,2
text-rendering,2
eventhandling,2
tree,2
msys2,2
ide-feature,2
next.js-api,2
mdx,2
next-api,2
next.js,2
revalidation,2
serverless,2
server-side,2
next-14,2
data-fetching,2
next-start,2
next-config,2
sitemap,2
cookies,2
tailwindcss,2
isr,2
server-action,2
babel,2
hot-reload,2
next-js,2
next-lint,2
dynamic-import,2
css-modules,2
build-issues,2
react,2
client-side-navigation,2
runtime-errors,2
server-side-rendering,2
weak-pointers,2
language-enhancement,2
apidiff,2
x/build,2
failure,2
extract,2
webassembly,2
go1.24,2
runtime-performance,2
cmd/cgo,2
type/bug,2
algorithm,2
watchflakes,2
go-test,2
smtp,2
encoding/xml,2
interpreter,2
modindex,2
clock,2
toc,2
imports,2
text/template,2
range-loop,2
loop,2
ui/ux,2
mutex,2
x-sys-unix,2
resource-leak,2
linkname,2
printer,2
server-error,2
type-assertion,2
go-mod,2
encoding/json,2
signature-help,2
command-line-tool,2
os/exec,2
illumos,2
user,2
merge,2
doc-improvement,2
buildinfo,2
gopath,2
cmd/gomote,2
infra,2
spec-compliance,2
env-var,2
cross-platform,2
cmd/compile,2
format-issue,2
go-tool,2
openbsd,2
go1.18,2
noder,2
type-crash,2
dynamic-linking,2
switch,2
deadcode,2
type/improvement,2
ppc64,2
type/feature,2
go1.20,2
type-issue,2
generic-types,2
go-list,2
binary-size,2
expected-behavior,2
build-tags,2
math/rand,2
area:gopls,2
for-loop,2
runtime/metrics,2
nilness,2
bounds-check,2
printf,2
clarification,2
ide-integration,2
push,2
language-proposal,2
threadsanitizer,2
database/sql,2
goimports,2
eglot,2
go1.21,2
package-import,2
gerritbot,2
x/tools,2
hashing,2
protobuf,2
vendoring,2
tcp,2
freebsd,2
flatlist,2
transforms,2
metro,2
react-native,2
ccache,2
background-tasks,2
newrenderer,2
undici,2
webstreams,2
web-streams,2
area-modules,2
reporter,2
clone,2
async-hooks,2
priority-high,2
mocking,2
test-related,2
source-maps,2
deno-install,2
deno-fmt,2
serve,2
nuxt,2
import-map,2
symlink,2
url-handling,2
canvas,2
scripts,2
jsdoc,2
stabilization,2
node-compatibility,2
package-resolution,2
async-storage,2
url-parsing,2
deno-node,2
library-issue,2
docusaurus,2
workspaces,2
aws,2
sdk,2
cli-tool,2
diesel,2
f-const-trait,2
edition-2015,2
target-feature,2
borrowck,2
anyhow,2
never-patterns,2
primitives,2
trait-implementation,2
orphan-rules,2
regions,2
needs-investigation,2
target-features,2
libstd,2
i-unsound,2
doc-tests,2
compiler-diagnostics,2
ui-tests,2
lifetimes,2
const-expressions,2
grammar,2
numeric,2
compile-test,2
unsoundness,2
trait-objects,2
deref,2
ptr,2
lld,2
trait-object,2
false-positive,2
compiler-intrinsic,2
a-abi,2
macro-errors,2
a-diagnostics,2
t-compiler-error,2
attr-repr,2
intrinsic,2
smart-pointers,2
internals,2
f-compiler-errors,2
test-enhancement,2
print,2
rust-analyzer,2
efficiency,2
f-macro,2
c-ffi,2
f-inference,2
edition-2018,2
t-ownership,2
a-rustdoc-ui,2
variadic-functions,2
extern-blocks,2
f-compiler-internal,2
a-code-coverage,2
macros,2
libs,2
transmutability,2
function-call,2
method-resolution,2
macro-related,2
missing-feature,2
test-infra,2
alloc,2
abi-issue,2
unstable-feature,2
f-dyn-trait,2
rpath,2
tidy,2
f-generics,2
cranelift,2
unsafety,2
f-opaque-types,2
compiler-warnings,2
cli-behavior,2
platform-support,2
compiler-design,2
variance,2
vectorization,2
lexer,2
size,2
generic-const-exprs,2
select,2
hashmap,2
ub,2
t-bootstrap,2
meson,2
phantom-data,2
pointer-arithmetic,2
compilation-time,2
miscompilation,2
variable,2
c-compiler,2
fn-pointer,2
const-trait,2
let-underscore-drop,2
sixel,2
win32,2
terminal-ui,2
language-improvement,2
whitespace,2
incremental-hydration,2
effect,2
changedetection,2
zone,2
api-doc,2
interceptor,2
esbuild,2
ng-switch,2
example-code,2
angular-core,2
ts,2
unit-testing,2
directives,2
distutils,2
torchgen,2
setup,2
pytorch-model,2
torch-inductor,2
operators,2
addmm,2
aot-compilation,2
distribtued-training,2
model-export,2
exporter,2
pipeline-parallelism,2
kineto,2
upstream,2
tunableops,2
inductor-backend,2
function-signature,2
hook,2
mypy,2
xformers,2
deepcopy,2
deploy,2
torchfx,2
size-oblivious,2
gradientcheck,2
pytorch-linalg,2
aot-compiler,2
fp8,2
mpi,2
dtype-conversion,2
type-regression,2
functionalization,2
reasoning,2
timm,2
bitwise-operations,2
take-along-dim,2
operator-support,2
symbol-conflict,2
model-inference,2
torch-export,2
torch.nn,2
property,2
nll-loss,2
dsd,2
tp,2
datastructures,2
aot-compile,2
subclassing,2
learningrate,2
batchnorm,2
distribution,2
libtorch,2
relu,2
header-file,2
rendezvous,2
etcd,2
pytorch-compiler,2
bf16,2
pytorch-transformers,2
doc-issue,2
tensordict,2
compile-time-issue,2
pytorch-frontend,2
clamp,2
recompilation,2
global-variables,2
dlpack,2
save-load,2
pytorch-function,2
gather,2
distribtued,2
graph-construction,2
schedule,2
pytorch-benchmarks,2
opset,2
area:-core,2
compile-time-behavior,2
hsdp,2
composer,2
functions,2
cpu-features,2
einsum,2
priority:-medium,2
benchmarks,2
tensor-parallel,2
tensor-parallelism,2
flops,2
memory-format,2
pytorch-compile,2
torchbench,2
spectral-norm,2
loading,2
openmp,2
randomness,2
onnxruntime,2
c10,2
subclasses,2
asyncio,2
faketensor,2
data-type-issues,2
merge-conflict,2
functorch,2
tensor-creation,2
abi-compatibility,2
c-api,2
concat,2
diffusers,2
symbolic-conversion,2
type-conversion,2
pytorch-onnx,2
autotune,2
activation-function,2
floatingpoint,2
pytorch-rocm,2
operator-behavior,2
comparison,2
shapeerror,2
control-flow,2
class-detection,2
resource,2
utility-classes,2
utilities,2
web-components,2
feature-index,2
regtest,2
fee-estimation,2
synchronization,2
system-tests,2
depends,2
scriptpubkeyman,2
crypter,2
unit-tests,2
dependency-issues,2
svelte5,2
derived-state,2
parsing-error,2
props,2
area-api,2
svelte-kit,2
snippet,2
type-api-change,2
svelte-migration,2
alert,2
permission,2
permalink,2
golang,2
template-issue,2
cascade,2
content-model,2
content-adapters,2
params,2
library-dependency,2
go-runtime,2
content-generation,2
resources,2
dependencyupgrade,2
framework-kafka,2
timestamp,2
connect,2
porting,2
spring-boot-starter,2
hateoas,2
jarmode,2
scoped-beans,2
reactiveprogramming,2
spring-boot-testing,2
structured-logging,2
lombok,2
health,2
spring-rest-docs,2
spring-restdocs,2
eclipse,2
boot-autoconfigure,2
boot-starter,2
spring-data-jpa,2
spring-aop,2
conditions,2
release-workflow,2
systemd,2
spring-boot-starter-test,2
connector,2
getting-started,2
dev-services,2
how-to,2
otlp,2
endpoints,2
rabbit-mq,2
value-objects,2
type-enhancement,2
mongo,2
boot-loader,2
artemis,2
log4j,2
property-source,2
spring-data-redis,2
spring-boot-2.x,2
http-status,2
antora,2
saml,2
cnb,2
readme,2
service,2
spring-webflux,2
language-upgrade,2
dependencymanagement,2
dsl,2
module-metadata,2
web-application,2
spring-native,2
chore,2
changelog,2
jaybird,2
type-cleanup,2
spring-profiles,2
image-build,2
webservices,2
task-execution,2
starter,2
conditional-on-property,2
startup-performance,2
configurationproperties,2
component-scan,2
dependencyupdate,2
conversion-service,2
type/enhancement,2
spring-boot-cli,2
continuous-integration,2
resource-loader,2
syft,2
propertysource,2
commons-compress,2
code-improvement,2
autoconfigure,2
test-issue,2
integrationtests,2
time-series,2
indexcompatibility,2
index-compatibility,2
rolling-upgrade,2
credentials,2
integrationtest,2
ci-test,2
sql-plugin,2
unit-test,2
searchable-snapshots,2
ranking,2
bucket,2
codec,2
vector-index,2
indices,2
searchablesnapshots,2
jvm,2
docvalues,2
bulk,2
mixed-cluster,2
ql,2
esql-plugin,2
nested,2
data-stream,2
ilm,2
cluster-management,2
thread-pool,2
search-vectors,2
vector-search,2
netty4,2
snapshot-repo,2
vectors,2
aggregations,2
elasticsearch-sql,2
painless,2
cloud,2
x-pack-ml,2
fish,2
walker,2
preview-window,2
fzf-vim,2
tar,2
alias,2
fzf-tmux,2
shell-completion,2
neovim,2
arithmetic,2
signer,2
sway-core,2
intrinsic-function,2
placeholderresolution,2
function-reference,2
request-binding,2
xml-configuration,2
spring-scheduling,2
content-negotiation,2
path-matching,2
jsr223,2
springframework,2
cglibs,2
osgi,2
factorybean,2
spring-framework-6.2,2
spring-core,2
spring-framework-6,2
factory-bean,2
constructor-injection,2
qualifier,2
bean-factory,2
rest-docs,2
reference-manual,2
dynamic-property,2
crac,2
task-executor,2
data-mapping,2
spring-orm,2
assertion-library,2
milestone,2
method-handle,2
transactional,2
controller,2
http-message-converter,2
async-support,2
response,2
strings,2
handler,2
java-interop,2
review,2
stomp,2
method-overriding,2
parser-issue,2
pe,2
emulation,2
fpu,2
x86,2
pyghidra,2
coloring,2
version-tracking,2
pe-format,2
demangling,2
compiler-specific,2
gcc,2
goto-anything,2
sharing,2
tags,2
dropbox,2
sidebar,2
pam,2
repo,2
issue,2
organization,2
git-integration,2
rss,2
access-control,2
cron,2
branch-management,2
artifact,2
sftp,2
playback,2
upload-error,2
driver-115,2
local-storage,2
storage-driver,2
display-issue,2
driver-terabox,2
cloud-storage,2
driver-feijipan,2
stdlib,2
methoderror,2
code-analysis,2
sockets,2
tool-uv,2
editable-install,2
environment-markers,2
python-packaging,2
uv-publish,2
uv-pip,2
manylinux,2
requirements,2
uv-config,2
python-discovery,2
tool-installation,2
normalization,2
setuptools-scm,2
pip-compile,2
dependencyresolution,2
virtual-environment,2
pyproject,2
lock-file,2
uv-pip-compile,2
python-env,2
project-management,2
init,2
uv-init,2
marker-resolution,2
fork-management,2
general,2
logic,2
pip-compatibility,2
component:vnumberinput,2
readonly,2
vmenu,2
stepper,2
snackbar,2
navigationdrawer,2
component:-vnumberinput,2
component:-treeview,2
datepicker,2
fatal-error,2
zend-extension,2
fatalerror,2
splfixedarray,2
zts,2
area-datetime,2
dba,2
domain-language,2
libxml,2
gmp,2
fiber,2
weakmap,2
finfo,2
php-extension,2
undefinedbehavior,2
firebird,2
var-dump,2
language-c,2
compiler-compatibility,2
ext-date,2
foreach,2
sema,2
c-backend,2
metaprogramming,2
translate-c,2
slow-query-log,2
data-import,2
mvcc,2
code-refactoring,2
tiproxy,2
query-planning,2
backup-and-restore,2
dxf,2
query-optimizer,2
data-management,2
domain,2
go-language,2
tidb-planner,2
auto-increment,2
resource-group,2
tso,2
grafana,2
sql-mode,2
tidb-core,2
tidb-query,2
alter-table,2
eval-context,2
region-balancing,2
hash-aggregation,2
gorm,2
dist-task,2
dm,2
select-for-update,2
slow-query,2
network-partition,2
data-type-issue,2
normal-mode,2
manpage,2
lua,2
text-objects,2
colors,2
insert-mode,2
autocmd,2
vim-behavior,2
dict,2
autocommands,2
x11,2
c-code,2
screen,2
colorscheme,2
language-status-indicator,1
oss,1
completions,1
dap,1
live-share,1
ghe,1
codic-copilot,1
window-restore,1
async-api,1
ui-pickmodel,1
php,1
undo-redo,1
titlebar,1
outline,1
disposable-management,1
tunnel,1
swiftshader,1
remote-access,1
title-formatting,1
releasenotes,1
reactions,1
debugpy,1
eventing,1
extension-policy,1
working-sets,1
editor-gpu,1
decorations,1
extensioninstallation,1
enablement,1
decoration,1
extension-development,1
debuggers,1
chat-editor,1
serve-web,1
inlinechat,1
quick-fix,1
chrome,1
reproducible,1
quickchat,1
code-display,1
pullrequests,1
language-tools,1
light-theme,1
copilot-chat,1
account-management,1
code-completion,1
breadcrumbs,1
chatinput,1
codequality,1
co-pilot,1
commenting,1
extension-ui,1
ansi-colors,1
ui-design,1
recursive,1
application-scoped-extensions,1
auto-update,1
dnd,1
xterm.js,1
request-service,1
save,1
icon-overlap,1
web-view,1
treesitter,1
tree-sitter,1
extension-discovery,1
inlay-hints,1
vscode-extension-tree-sitter,1
windows-profile,1
folders-workspaces,1
accounts,1
extension-compatibility,1
deprecated,1
quick-search,1
intellisense,1
extension-dependencies,1
microsoft-account,1
testing-api,1
api-testing,1
extensibility,1
dart,1
test-results,1
code-tunnel,1
extension-interaction,1
localstorage,1
vsda,1
image-preview,1
ui-responsiveness,1
monaco,1
graphics,1
findfiles,1
command-guide,1
context-menu,1
vscode-debugger,1
picker,1
peek,1
comment-thread,1
messages,1
pinnedtabs,1
vscode-web,1
url-handler,1
profile-manager,1
file-management,1
multi-tab,1
nodepty,1
merge-tool,1
file-encoding,1
extension-marketplace,1
cpu-profiler,1
embedded-languages,1
type-hierarchy,1
workspace-trust,1
problem-diagnostics,1
uri-encoding,1
views,1
nls,1
vscode-editor,1
codespaces,1
deep-linking,1
scrollbar,1
external-browser,1
extension-update,1
message-feedback,1
area-extensionapi,1
extension-updates,1
visualstudiocode,1
ui-interaction,1
remote---wsl,1
event-data,1
consent,1
command-history,1
overview-ruler,1
language-sql,1
input-navigation,1
visual-regression,1
quickinput,1
vscode-dev,1
filesystemprovider,1
web-extensions,1
scm,1
command-prompt,1
nit,1
editorui,1
-ux,1
code-navigation,1
language-javascript,1
chat-api,1
command-center,1
repro-needed,1
code-notebook,1
zenmode,1
customtheme,1
observable,1
file-creation,1
postman,1
comment-widget,1
code-view,1
repetition,1
document-link,1
insider,1
text-to-speech,1
timeline,1
context-keys,1
chat-feature,1
launch-config,1
multi-diff,1
editor-actions,1
dialogs,1
flutter,1
debug-tools,1
command-behavior,1
integrated-terminal,1
editor-labels,1
input-element,1
vscode-extension-host,1
profile-sync,1
codeeditor,1
multi-file,1
code-lenses,1
memento,1
codelens,1
test-coverage,1
multi-monitor,1
userinterface,1
event-loop,1
voicechat,1
button,1
event-listeners,1
ui-text,1
multi-root,1
chinese-characters,1
area-editor,1
area-layout,1
duplicate-detection,1
sharedprocess,1
roaming-profiles,1
code-issue,1
extensionissue,1
microphone,1
open,1
auxwindow,1
product-icons,1
multi-diff-editor,1
obsolete,1
window-layout,1
language-mode,1
input-field,1
floating-window,1
editor-layout,1
settings-editor,1
ui-layout,1
visual-bug,1
floating-windows,1
text-style,1
voice-control,1
subprocess,1
call-stack,1
queue,1
system,1
mouseinput,1
editorbehavior,1
next-router,1
api-routes,1
codemod,1
toast,1
peer-dependencies,1
redux,1
parallel-routes,1
builtin-module,1
serveractions,1
api-cache,1
next-14-2,1
bundling,1
next-features,1
dev-experience,1
ppr,1
partytown,1
link-broken,1
client-side-rendering,1
image-component,1
next-build,1
next-app,1
typed-routes,1
production,1
component:-image,1
next.js-14,1
draftmode,1
next.js-server-actions,1
next-og,1
routeinterception,1
productionerror,1
layoutcomponent,1
styled-jsx,1
turbo-related,1
typesafety,1
google-tag-manager,1
next/core-web-vitals,1
polyfills,1
fouc,1
next-navigation,1
next.js-14.x,1
csp,1
third-party-scripts,1
app-dir,1
asset-import,1
approuter,1
servercomponents,1
client-components,1
nextjsdev,1
static-generation,1
type-info,1
testing/synctest,1
special-handling,1
x/pkgsite,1
code-format,1
go-website,1
synctest,1
rsa,1
traceback,1
certpool,1
cmd/link,1
tool-command-line,1
go-env,1
checker,1
mptcp,1
fips140,1
copyfs,1
weak,1
jsonrpc,1
area/text/template,1
priority/medium,1
gofmt,1
cpu-codegen,1
task-failure,1
reverseproxy,1
map,1
compiler-internal-error,1
sigtrap,1
issue-xbuild,1
go/parser,1
sarif,1
reloui,1
multicast,1
sanitizers,1
saserver,1
cpu-feature,1
file-server,1
sendfile,1
cleaning,1
marshaling,1
implementation-improvement,1
purego,1
jsonrpc2,1
api-discussion,1
inline,1
spec-interpretation,1
go-ast,1
compile-crash,1
libfuzzer,1
stackoverflow,1
go/io,1
go-pkg-unique,1
pkg.go.dev,1
x/vuln,1
go-types,1
x-project-telemetry,1
longpath,1
tool-deprecate,1
asm-analysis,1
runtime-profiler,1
x-vulndb,1
os-exec,1
multi-arch,1
goroutines,1
s390x,1
unique,1
build-cache,1
go111module,1
chdir,1
cve,1
encoding/gob,1
deep-dive,1
go.org/x,1
debug/buildinfo,1
go-install,1
gcmc,1
x/playground,1
pidfd,1
x/text,1
language-version,1
kind/enhancement,1
pthreads,1
codeaction,1
controller-manager,1
pod-disruption-budget,1
effectiveness,1
cmd/vet,1
sys-unix,1
unmarshal,1
net-package,1
build-id,1
lucifer,1
glibc,1
runtime-mutex,1
runtime-test,1
perf-testing,1
finalizers,1
package-httptest,1
x/image,1
x-crypto-ssh,1
cmd/covdata,1
math/big,1
checkptr,1
flag-package,1
area:math,1
priority:high,1
os/user,1
platform-plan9,1
pkg-config,1
assignment,1
parse,1
runtime/race,1
hardware-compatibility,1
x/website,1
encoding/asn1,1
type-unmarshaling,1
internal-representation,1
integer-arithmetic,1
race-data-corruption,1
type-params,1
gotelemetry,1
visualization,1
netbsd,1
cloudbuild,1
encoding/binary,1
iter,1
internal-api,1
objectpath,1
area-gopls,1
area-tools,1
package-missing,1
go/doc,1
predeclared,1
run-time,1
exec,1
missing-error,1
type-syntax,1
encoder,1
semantic-token,1
leak-sanitizer,1
area/http2,1
go.env,1
environmenthash,1
internal/checker,1
net/quic,1
memory-layout,1
kind/refactor,1
tools/go/packages,1
go-pkg-tools,1
contributing,1
aix,1
incompatible,1
testshared,1
cmd/pprof,1
image/tiff,1
go-modules,1
iteration-order,1
net-http,1
text-package,1
code-actions,1
pkg/mod,1
lang-go,1
assembly-syntax,1
bce,1
tool-x-tools-internal-refactor-inline,1
buildmode,1
limit,1
mips64,1
inlay-hint,1
internal-compiler,1
capability,1
type:rename,1
area:refactoring,1
export-data,1
timing-attack,1
for-range,1
odr-violation,1
memmove,1
cgocall,1
cmd-go,1
internal-packages,1
type:symbol,1
area:elf,1
add,1
limits,1
type-substitution,1
compile-time-performance,1
kqueue,1
type-alias,1
callgraph,1
api-analysis,1
benchseries,1
dark-theme,1
analyzer-error,1
os-windows,1
init-order,1
stringer,1
priority-graph,1
x/mobile,1
xcframework,1
nonblocking,1
read,1
library-imports,1
internal/godebug,1
go.work,1
cmd/gitmirror,1
vuln-check,1
language/go,1
cmd/gonew,1
net/url,1
upgrade-check,1
import-errors,1
type:api,1
area:net/http,1
x-playground,1
runtime-trace,1
incorrect-behavior,1
sigsegv,1
reachable-code,1
cmd/guru,1
type-sys,1
http/router,1
http/client,1
escaping,1
handshake,1
x-telemetry,1
gob,1
internal/saferio,1
luci,1
kernel-info,1
crypto/ssh,1
js/wasm,1
module-cache,1
gopathwalk,1
type:error,1
component:diagnostics,1
js-wasm,1
pkgs,1
epoll,1
go-pkg-iofs,1
compile-time-check,1
idea,1
package-analysis,1
container/heap,1
race,1
gcp,1
vcs,1
memory-profiling,1
internal/trace,1
new-function,1
debug/elf,1
symbol-lookup,1
tools-gopls,1
effect-analysis,1
golist,1
ipv4,1
signature,1
go/version,1
token,1
communication,1
function-name-length,1
packagesdriver,1
brokenimport,1
area:net,1
area:http2,1
cmd/api,1
rangefunc,1
jni,1
jsc,1
load-script,1
border,1
react-context,1
headlessjs,1
ui-nativeinteraction,1
oldarchitecture,1
nativemodule,1
ui-framework,1
release-build,1
dev-settings,1
new-arch,1
cdp,1
ui-rendering,1
runtime-ios,1
react-native-architecture,1
fragment,1
testids,1
xcworkspace,1
type-breaking-change,1
area-react-native-renderer,1
area-image-component,1
app-appearance,1
refreshcontrol,1
filereader,1
stickyheaders,1
react-android,1
animated,1
webconvergence,1
js-api,1
react-root-view,1
turbo-module,1
nullpointerexception,1
component:pressable,1
shortcuts,1
newarch,1
autocorrect,1
uirendering,1
testrenderer,1
pod,1
yarn,1
adjustfontsizetofit,1
api-missing-property,1
reactnative,1
information-retrieval,1
deep-comparison,1
typed-arrays,1
specification,1
inspect,1
type-proposal,1
perf-hooks,1
padding,1
import-resolve,1
es-modules,1
structuredclone,1
slicemethod,1
area-abortcontroller,1
moduleloading,1
internalerror,1
abortsignal,1
web-compat,1
abortcontroller,1
webplatformtest,1
require,1
node.js-api,1
googleapis,1
url-module,1
commonjs,1
asynclocalstorage,1
subsystem-core,1
area-javascript,1
abort-signal,1
stale-bot,1
issue-automation,1
sqlite3,1
type-erasure,1
stream-api,1
test-execution-order,1
stdin,1
module-assert,1
module-mocks,1
loaders,1
data-urls,1
nodejs-api,1
chromedevtools,1
env-file,1
mksnapshot,1
debug-build,1
v8-api,1
subsystem-timers,1
workerthreads,1
http/http2,1
readdir,1
keepalive,1
reproduce,1
nodecore,1
test-required,1
lib,1
pipeline,1
module-exports,1
api-crypto,1
bundler,1
npm-package,1
jwk,1
subcommand,1
https,1
polyfill,1
hints,1
nodeapi,1
static-exports,1
n-api,1
js-error,1
discord.js,1
deno,1
deno-lsp,1
node-postgres,1
area:runtime,1
area:api,1
path-mapping,1
pino,1
deno-workspace,1
npm-import,1
exports,1
v8-bug,1
temporal-sdk,1
promise-hooks,1
node-modules,1
deno-std,1
deno2,1
npm-dependencies,1
shader,1
module-related,1
node-api-integration,1
workers,1
napi,1
ipc,1
node-js,1
global,1
tauri,1
ext/node,1
postinstall,1
type-declaration,1
byom,1
npm-integration,1
api-deprecations,1
http-ece,1
task-runner,1
provenance,1
slsa,1
in-toto,1
deno-standard-library,1
httpserver,1
package-compatibility,1
rust-error,1
npm-dependency,1
stack-trace,1
child-processes,1
js-module-system,1
deno-json,1
npm-workspace,1
deno-core,1
brotli,1
npm-resolver,1
deno.lock,1
blocklist,1
deno-script,1
deno-task,1
api-diff,1
language-runtime,1
prototype-mutation,1
gpus,1
urlpattern,1
subcommands,1
type-crypto,1
area-node-api,1
declarative,1
dd-trace,1
node-vm,1
vm-module,1
lib-crypto,1
tool-parcel,1
api-unstable,1
cjs,1
message-port,1
area-module-system,1
node-module-integration,1
import-ordering,1
temporal,1
deno-compile,1
deno-x,1
module-error,1
type-script,1
tensorflow.js,1
feature-management,1
unix-socket,1
ecosystem,1
const-ub,1
unstable-api,1
lexing,1
debug-assertions,1
runtime-safety,1
data-races,1
target-cpu,1
dyn,1
atomic-model,1
archive-handling,1
pin-ergonomics,1
rustc-book,1
clap,1
2024-edition,1
os-string,1
aux-build,1
mdbook,1
f-cold,1
compiler-interaction,1
unboxing,1
os-support,1
bevy,1
cfg-attr,1
file-size,1
tail-expressions,1
fn,1
t-associated-types,1
method-lookup,1
ty-lowering,1
const-fns,1
char,1
links,1
backtrace,1
f-dyn-star,1
a-coroutines,1
f-memory-safety,1
f-ownership,1
rust-by-example,1
ide-rust-analyzer,1
thread-local,1
f-behavior,1
t-object-safety,1
compiler-runtime,1
foreign-function-interoperability,1
unwinding,1
impl-related,1
static-linking,1
borrow-checking,1
language-change,1
align-layout,1
str,1
integer-size,1
soundness,1
f-upcasting,1
t-ui,1
t-frontend,1
filecheck,1
unsize,1
coercion,1
build-fail,1
ffi-safety,1
external-crate,1
autodiff,1
enzyme,1
intra-doc-links,1
exit-code,1
patterns,1
t-const-evaluation,1
lang-items,1
runtime-type,1
const-safety,1
mem-transmute,1
f-lifetime,1
f-macro-system,1
f-variadic,1
compiler-infra,1
a-const-eval,1
a-mir,1
a-compiler-internal,1
query-system,1
ambiguity,1
d-compiler,1
f-functions,1
f-generators,1
recursion-limit,1
x.py,1
x-py,1
expect,1
-soundness,1
iterators,1
borrows,1
worktrees,1
o-linkage,1
o-cross,1
nalgebra,1
a-lto,1
a-debuginfo,1
a-compiler-tests,1
lint-docs,1
compiler-abi,1
embedded,1
platform-incompatibilities,1
literal-overflow,1
internal-compiler-error,1
a-linting,1
stmt-expr-attributes,1
unstable-attribute,1
api-stability,1
a-rustdoc,1
a-search,1
compiler-regression,1
pin,1
derive-macros,1
attr-naked,1
repr-align,1
test-codegen,1
lang-internationalization,1
f-transmutability,1
avr,1
unsafe-fn,1
e0381,1
e0403,1
async-closures,1
sleep,1
f-attributes,1
float-types,1
f-async-closure,1
t-mir,1
t-libs,1
stdlibs,1
f-pattern-matching,1
a-unstable,1
attrs,1
integer-types,1
fn-ctxt,1
stdarch,1
undefined-identifier,1
jj,1
should-panic,1
f-borrow-checker,1
f-optimization,1
compiler-test,1
rustc-llvm,1
rustup,1
missing-symbol,1
attr-api,1
compiler-behaviour,1
source-code-related,1
diagnostic-error,1
unreachable-code,1
apple-platform,1
f-generic-const-exprs,1
f-unsized-const-params,1
f-adt-const-params,1
f-fn-delegation,1
c-documentation,1
t-website,1
f-compiler-intra,1
t-trait,1
raw-ptr,1
lifetime-analysis,1
attr,1
t-fn-delegation,1
extern-fn,1
f-attr,1
s-coverage,1
cli-feedback,1
implementation,1
futures,1
platform-specific,1
nll,1
const-references,1
t-error-message,1
t-tests,1
area-libs,1
c-enhancement,1
feature-c-variadic,1
reuse,1
instantiation-failure,1
f-const-eval,1
t-adt,1
rustc-internal,1
mutable-reference,1
f-const-refs,1
f-const-mut-refs,1
marker-trait,1
pointer-safety,1
methods,1
unresolved-identifiers,1
sync-async,1
polymorphization,1
bindgen,1
a-api,1
e-documentation,1
external-types,1
register-usage,1
safe-unsafety,1
attr-bug,1
assembly-specific,1
compiler-message,1
t-transmutability,1
t-uninhabited-types,1
f-memory,1
language-api,1
f-const-trait-impl,1
f-effects,1
debug-info,1
const-parameters,1
trait-upcasting,1
utf-8,1
t-generics,1
t-const-expressions,1
t-error-handling,1
std-compile,1
polonius,1
verbose,1
linked-list,1
feature-proposal,1
f-regions,1
f-closure,1
external-ffi,1
t-match,1
type-macro,1
static,1
f-layout,1
f-const-exprs,1
f-unsize,1
ty-coerce-unsized,1
libsyntax,1
backend-csky,1
f-const-expressions,1
f-type-error,1
cycle-dependency,1
f-mir,1
time-crate,1
size-related,1
f-check-cfg,1
doctest,1
return-type-notation,1
sysroot,1
safer-ffi,1
dyn-trait,1
cell,1
f-coherence,1
type-errors,1
if-else,1
libslice,1
async-move,1
f-specialization,1
pathbuf,1
rustc-ast-lowering,1
late-diagnostics,1
pointer-aliasing,1
library-std,1
mingw,1
const-panic,1
musl,1
send,1
subscriber,1
leptos,1
type-lifetime,1
feature-deref,1
build-script,1
t-infrastructure,1
virtual-functions,1
extern-types,1
let-binding,1
async-programming,1
o-compiler,1
a-atomic,1
t-testfailure,1
miscompile,1
chumsky,1
apple-os,1
xcodebuild,1
starlark,1
fixable,1
llvm-wrapper,1
re-exports,1
library-usage,1
aliases,1
intraprocedural,1
serialize,1
issue-offset-of,1
unsized,1
univariant,1
ty-c-txt,1
dependency-check,1
platform,1
doctests,1
nix,1
lifetime-checker,1
recursive-structures,1
f-type-alias,1
external-function,1
private-dependencies,1
t-libs-api,1
i-compiler-security,1
a-codegen,1
a-llvm,1
i128,1
const-correctness,1
compiler-llvm,1
i-unsafe,1
a-ffi,1
localwaker,1
future-compatibility,1
e-compiler,1
e-build-system,1
compiler-feature,1
message-clarity,1
cross-language-lto,1
run-make-tests,1
api-improvements,1
structure,1
must-use,1
ambiguous-imports,1
rustc-internal-error,1
non-local-definitions,1
qualified-paths,1
slice-index,1
const-errors,1
interior-mutability,1
waker,1
async-fn-traits,1
hrtb,1
channel,1
compilers-internal-error,1
attr-forbid,1
clippy-formatting,1
size-of,1
foreign-function,1
never-type,1
fn-pointers,1
abi-mismatch,1
sized-types,1
async-closure,1
trait-impl,1
struct-layout,1
unnamed-fields,1
llvm-codegen,1
rustfft,1
crates,1
comptime-error,1
invalid-reference-casting,1
future-compat,1
rust-playground,1
recursive-structure,1
async-features,1
method-access,1
reader,1
borrowed-buf,1
never,1
pattern,1
rustc-lldb,1
feature-gate,1
target-specs,1
const-refs,1
fix,1
cycle-detection,1
rustc-diagnostics,1
external-tooling,1
d-syntax,1
e-enhancement,1
blanket-impl,1
feature-non-lifetime-binders,1
wgpu,1
data-layout,1
portable-simd,1
test-review,1
trait-impls,1
trait-selection,1
resolve,1
associated-functions,1
t-alloc,1
const-functions,1
t-compiler-bug,1
f-unions,1
jump-threading,1
return-position-impl-trait,1
strsim-crate,1
newtabmenu,1
quake-mode,1
tray-icon,1
schema-validation,1
profile-sources,1
headful-mode,1
tab-bar,1
terminal-protocol-request,1
tabs,1
colorschemes,1
screen-reader,1
pane-management,1
clear-buffer,1
color-scheme,1
csi-issue,1
terminal-behavior,1
sizel,1
vt,1
tab,1
actioneditor,1
taef,1
vttest,1
altbuffer,1
terminal-layout,1
terminal-app,1
interaction,1
pane,1
command-not-found,1
terminal-appearance,1
winget,1
save-profile,1
windows-terminal-app,1
terminal-emulation,1
tab-management,1
reopening-behavior,1
window-state,1
reflow,1
escape-sequences,1
terminal-display,1
new-instance,1
resize,1
api-regression,1
readconsole,1
conhost,1
path-related,1
os-commands,1
terminal-title,1
minimization,1
tray,1
terminal-protocol,1
ansi-compatibility,1
focus-mode,1
terminfo,1
dsr,1
hierarchical-injectors,1
component:-api-reference,1
error-page,1
route,1
standalone-components,1
incrementalhydration,1
deferredcomponent,1
providers,1
host-directive,1
forwardref,1
spelling,1
localize,1
tree-shaking,1
angular-modules,1
schematics,1
package-integrity,1
runtime-warning,1
ng-module,1
ngcc,1
common,1
matcher,1
ng-content,1
dynamic-components,1
link-error,1
zone-js,1
angular/core,1
ng-packagr,1
async-validators,1
status-change,1
ui-interactions,1
lifecycle-hooks,1
after-render,1
inputs,1
ngtypecheck,1
ng8016,1
ng-routing,1
web-container,1
node-fetch,1
lazy-loading,1
providedin,1
platform-browser,1
angular-dev,1
global-api,1
ng0952,1
eventreplay,1
diagram,1
deferredcontent,1
deferredview,1
command-line-tools,1
for,1
prerendering,1
ng-directives,1
control-flow-migration,1
ngfor,1
abort-controller,1
update-guide,1
hydration-issue,1
code-gen,1
deferredcomponents,1
viewchild,1
componentbundling,1
translation-issue,1
ionic,1
input-signals,1
ng-standalone,1
reactive-forms,1
app-shell,1
template-rendering,1
angular-common,1
access-issues,1
standalonecomponents,1
ngmodel,1
ngdefer,1
animations,1
dynamic-content,1
template-pipeline,1
ngif,1
adev,1
a11y,1
ng-template,1
trackby,1
two-way-binding,1
view-transition,1
ng-optimized-image,1
style-related,1
queries,1
view-queries,1
query-list,1
component:ng-optimized-image,1
ngswitch,1
integration-issue,1
host-directives,1
ng0311,1
scroll,1
elements,1
input-output-model,1
api-feedback,1
cldr,1
mutable-mappings,1
faketensormode,1
logsigmoid,1
datatypesupport,1
dataclasses,1
pytorch-graph-issues,1
constraint-violation,1
methoddispatch,1
dynamo-graph,1
user-report,1
gpt,1
kernel-generation,1
kernels,1
multiple-inheritance,1
static-assert,1
multi-gpu,1
design-doc,1
higher-order-ops,1
tensorflow,1
pytorch-docs,1
type-promotion,1
autotuning,1
ctc,1
navigation-transformer,1
pytorch-build-system,1
non-contiguous-memory,1
ninja,1
ir-parser,1
string-evaluation,1
tunableop,1
gloo,1
torch-distributions,1
ddp,1
python-syntax,1
gemm,1
rms,1
area-nn,1
area-c++,1
tensorview,1
dynamic,1
torch-tune,1
decomposability,1
core-ops,1
memory-optimization,1
conformer,1
tensormismatch,1
clipping,1
test-needed,1
count-nonzero,1
sfinae,1
templates,1
histograms,1
guarde,1
function-support,1
upstream-triton,1
cooperative-reductions,1
ncl,1
pgnccl,1
compilations,1
pytorch-internal,1
ubuntu,1
loss-function,1
torch-cond,1
eager-mode,1
node-fusion,1
lazy-module,1
softshrink,1
tensor-ops,1
jagged-tensors,1
omegaconf,1
nonlocal,1
pickling,1
torch-compiler,1
artifacts,1
model-api,1
domain-tensor-operations,1
parameter,1
deepspeed,1
torchvision,1
modelarchitecture,1
tcpstore,1
torchtune,1
njt,1
cusparse,1
accelerator,1
custom-operations,1
rnn,1
feature-flag,1
functionscoping,1
prefixstore,1
bincount,1
maxpool,1
dtype-bfloat16,1
rmsnorm,1
ci-build-failure,1
embeddingbag,1
sve,1
convolution,1
channels-last,1
hardswish,1
codecache,1
torch-deploy,1
pytorch-triton,1
tensor-operation,1
domain-tensor,1
bucketize,1
int8,1
sigmoid,1
torchaudio,1
device-allocator,1
symbolic,1
keras,1
pytorch-mobile,1
meta-registration,1
safetensors,1
model-initialization,1
compiledautograd,1
exceptionhandling,1
pytorchcore,1
flexattention,1
mask,1
pyright,1
find-module,1
scatter-reduce,1
benchmarking,1
tree-map,1
caffe2,1
diffusion-models,1
backend-intel,1
acos,1
partitioner,1
multinomial,1
batchnorm2d,1
deterministic,1
processgroupnccl,1
subgroup,1
reduction,1
symbolicexecution,1
flops-counting,1
setitem,1
opcheck,1
torch.unique,1
memoryerror,1
sharding,1
pythran,1
scikit-image,1
-ci,1
swa,1
models,1
hops,1
cutlass,1
process-identification,1
pytorch-nn,1
mode,1
rsample,1
layer-norm,1
pytorch-functionals,1
arange,1
contributor-experience,1
pytorch-aten,1
domain:-math-functions,1
openelm,1
float8,1
cxx,1
dtype-support,1
side-effects,1
sycl,1
graph-analysis,1
detectron2,1
inline-modules,1
guard-manager,1
llama2,1
vllm,1
autocasting,1
eval-mode,1
unet,1
loss-functions,1
remotecache,1
cumsum,1
area:c10d,1
area:pyi,1
pytorch-tensor,1
model-llama,1
text-generation,1
hud,1
pytorch-distributed,1
linear-algebra,1
sdpa,1
rocml,1
dynamic-compilation,1
shape-inference,1
masked,1
groundingdino,1
function-execution,1
pytorch-special,1
deadcodeelimination,1
torch-core,1
pytorch-cpu,1
reshape,1
baddbmm,1
area:autograd,1
area:vmap,1
context-managers,1
lossfunction,1
strides,1
validation-error,1
metal,1
pickle,1
vision,1
torch-dispatch,1
guard-validation,1
compile-issue,1
tensor-behavior,1
privateuse1,1
cond,1
pytorch-linear,1
automatic-differentiation,1
graph-optimization,1
functional-api,1
tensor-dict,1
meta-tensors,1
dynamic-axes,1
conv3d,1
pt2e,1
pytorch-website,1
gelu,1
lora,1
area:-tensor-operations,1
area:-fp16,1
amd,1
tensor-metadata,1
alias-handling,1
maskedtensor,1
gradient-check,1
module-list,1
layoutlm,1
gradientcheckpointing,1
output-graph,1
tensoroperations,1
triangular,1
forward-hooks,1
gpt-fast,1
model-zoo,1
preparemoduleinput,1
counter,1
model:-timm,1
backend:-inductor,1
graphexecution,1
torch.cuda,1
tied-weights,1
ops,1
pytorch-xpu,1
torch-cuda,1
datapipes,1
pytorch-utils,1
symbolic-ops,1
torch-jit,1
-dokumentaiton,1
pytorch-optim,1
c++-api,1
pytorch-dyngo,1
pytorch-tvm,1
prod,1
pytorch-lr-scheduler,1
module-bug,1
mv,1
dyn-graph,1
symbolicshapeanalysis,1
onednn,1
mixed-precision,1
bmm,1
complex-tensors,1
overriding,1
userdefined,1
builtins,1
pooling,1
multiheadattention,1
type:-enhancement,1
area:-typing,1
masking,1
torchdynmo,1
pybind11,1
api-guidance,1
constexpr,1
scalar,1
aminmax,1
python3.x,1
tracer,1
multi-use-parameters,1
3dparallel,1
flight-recorder,1
backend-compatibility,1
load-operation,1
masked-values,1
numericalissue,1
randomnumbergeneration,1
pytorch-cuda,1
dist-checkpoints,1
state-dict,1
neon,1
distrib-uted,1
process-group,1
pytorch-testing,1
potential-null-pointer-dereference,1
sparse-tensor,1
clang-tidy,1
glu,1
torch.dot,1
conversion-issues,1
pt2,1
nnmodule,1
dataloader,1
subgraph-speculation,1
arch,1
data-parallelism,1
api-question,1
op-info,1
function-def,1
symbolic-opset,1
area-dtype,1
test-tools,1
pytorch-profiler,1
data-loading,1
ipython,1
int64-type,1
static-methods,1
compile-time-issues,1
masked-fill,1
device-handling,1
cnn,1
yolact,1
func-tracing,1
symbolics,1
linearization,1
view-meta,1
model-issue,1
devx,1
codeowner,1
map-location,1
dynamic-runtime,1
tensors,1
device-mesh,1
multi-device,1
pytorch-functionality,1
binary-cross-entropy,1
affine-grid,1
channelslast,1
hooks,1
runtime-dependency,1
jax,1
meta-tensor,1
device-behavior,1
domain-nn,1
api-pytorch,1
torchelastic,1
numerical-accuracy,1
prelu,1
gil,1
load-state-dict,1
gcn,1
scaling,1
lazyconv,1
missing-function,1
cpp-wrapper,1
model-training,1
faster-rcnn,1
xdoctest,1
docs-related,1
optional-outputs,1
pytorch-inductor,1
undefined-symbol,1
compilererror,1
conversionerror,1
split,1
execution-trace,1
cudakernel,1
op-support,1
custom-class,1
multipleviews,1
backend-ort,1
dropout,1
complex-dtype,1
mergebot,1
torch-fx,1
randint,1
guard,1
transformation,1
slice-scatter,1
backend-inductor,1
svd,1
dispatcher,1
type-handling,1
symbolicshapes,1
tensor-related,1
pytorch-dev,1
fake-cuda,1
import-behavior,1
pytorch-mps,1
datatypemismatch,1
modelexport,1
fused-kernels,1
pytorch-stable,1
symints,1
sparsetensor,1
pytorch-add,1
pytorch-libtorch,1
missing-api,1
lintrunner,1
pytorch-compatibility,1
pytorch-matmul,1
while-loop,1
functional-programming,1
ir-optimization,1
registration,1
where,1
graph-break,1
h2d,1
data-transfer,1
cpu-fallback,1
triu-indices,1
device-support,1
index-select,1
c-implementation,1
hdf5,1
dataconversion,1
rrelu,1
replicationpad,1
channelshuffle,1
shapeenv,1
pytorch-ops,1
symint,1
gradients,1
hftorch,1
meta-programming,1
test-case,1
parametrization,1
model-maml-omniglot,1
operator-issue,1
int-type,1
flatten,1
return-types,1
test-dynamo,1
named-tensor,1
tensor-construction,1
dynamicgraph,1
func-nanmean,1
model-specific,1
frame-tracing,1
flashattention,1
gradient-issues,1
pytorch-xla,1
tensor-view,1
torchcond,1
graphoptimization,1
pytorch-feature-request,1
dataclass,1
evaluate-expr,1
graph-compiler,1
convtranspose,1
dynamo-test,1
isin,1
pytorch-tree,1
lr-scheduling,1
runtime-assertion,1
std-mean,1
precision,1
scatter-,1
expression-clarity,1
attribute-error,1
gradient-scaler,1
dtype-mismatch,1
pytorch-kernel,1
meta-device,1
torch-device,1
batch-norm,1
opmath,1
pytree,1
sparse-matrix,1
scatter-gather,1
pytorch-where,1
pytorch-compute,1
operator-overloading,1
docs-incorrect,1
dce,1
dist,1
torch.acosh,1
tensor-guards,1
cudnn,1
sinc,1
optim,1
type:feature,1
area:optimizers,1
domain:dynamo,1
area:mypy,1
backend-issues,1
test-execution,1
pytorch-module,1
graph-compilation,1
torch-linalg,1
pytorch-fx,1
namedtensor,1
controlflow,1
assumeconstantresult,1
logical,1
fused-sgd,1
crossentropy,1
lazytensor,1
forward-mode-ad,1
apple-silicon,1
api-bug,1
dtype-mapping,1
domain-torchinductor,1
pytorch-ir,1
eventflag,1
factory-functions,1
tensor-api,1
bilinear,1
differentiability,1
kaiserwindow,1
all,1
sparse-tensors,1
compiler-support,1
slow-test,1
gradcheck,1
lowering,1
peft,1
interpolate,1
multi-stream,1
lstm,1
private-use,1
domain:-fused-ops,1
pytorch:-tensor-type,1
unflatten,1
source-map,1
storybook,1
variant-behavior,1
css-utilities,1
slim-template,1
source-directive,1
globbing,1
@source,1
font-loading,1
v4,1
spacing,1
ui-component,1
css-assets,1
component-dialog,1
vue,1
css-syntax,1
sizing,1
css-variables,1
url-function,1
@source-directive,1
themes,1
grid,1
oxide,1
tailwind-config,1
upgrade-tool,1
shorthand,1
dynamic-classes,1
tailwind-directives,1
class-application,1
watch-mode,1
arbitrary-values,1
cloudflare,1
css-issue,1
plugin-conflict,1
safari,1
selector-generation,1
css-output,1
css-processing,1
break-keep,1
alpine-linux,1
keyframes,1
scoped-styles,1
css-layout,1
transparency,1
color-mix,1
enoent,1
css-transitions,1
css-properties,1
shadow,1
media-queries,1
css-transformer,1
css-classes,1
data-attribute,1
modifier,1
usdt,1
brew,1
consensus,1
softfork,1
tor,1
testshell,1
log-message,1
connect-block,1
script-validation,1
background-sync,1
descriptor,1
guix,1
hardening,1
boost,1
unit-test-failure,1
zeromq,1
miniwallet,1
address,1
thread-hang,1
lock-order,1
core-logic,1
miner,1
mini-miner,1
policy-estimator,1
package-rbf,1
bdb,1
verify-binaries,1
build-warnings,1
g++,1
psbt,1
dns-seeding,1
network-behavior,1
net-address,1
bpf,1
minisketch,1
datarace,1
flatfile,1
block-relay,1
address-management,1
man-pages,1
manpages,1
thread-management,1
assumeutxo,1
codelogic,1
multiprocess,1
i2p,1
sanitizer,1
{#each},1
migrate,1
svelte-query,1
uxp,1
migrating-from-svelte4,1
reactive-statements,1
component-context,1
content-script,1
svelte-actions,1
svelte:head,1
shadowing,1
svelte-events,1
template-literals,1
type-guard,1
render-function,1
svelte-state,1
webcomponents,1
svelte-3,1
svelte-4,1
svelte-check,1
store,1
svelte-directives,1
svelte-store,1
svelte-script,1
list,1
dexie.js,1
reproduction,1
prop-handling,1
dev-mode,1
svelte:element,1
legacy,1
svelte-api,1
implementation-detail,1
svelte-specific,1
parser-error,1
svelte4,1
event-handler,1
type-feature-request,1
priority-nice-to-have,1
component:derived,1
reactive-behavior,1
layercake,1
component:select,1
component:option,1
component:input,1
area:state-management,1
svelte-ts,1
render,1
prop,1
derived-values,1
derived-variables,1
bindings,1
assets,1
content-management,1
vendor,1
search-engine-optimization,1
message,1
site-data,1
page,1
releaser,1
archetypes,1
inflect,1
render-hooks,1
template-engine,1
theme-extension,1
template-compatibility,1
hugo-server,1
module-update,1
live-reload,1
content-adapter,1
getremote,1
content-adaptation,1
list-page,1
multihost,1
resource-issue,1
website-behavior,1
draft,1
scss,1
debian,1
content-processing,1
output-format,1
page-lookup,1
chroma,1
site,1
scratch,1
builder,1
jakarta.xml.bind,1
spring-boot-app,1
security-enhancements,1
bom-r,1
services,1
failure-analysis,1
redirects,1
spring-boot-starter-h2,1
annotation-processors,1
customizer,1
method-security,1
endpointmanagement,1
java-21,1
shade-plugin,1
narayana,1
ide-eclipse,1
spring-boot-loader,1
webjars,1
port-configuration,1
upgrade-policy,1
module-bom,1
hsqldb,1
module-dependency,1
dependency-problem,1
factory,1
reactor-core,1
slf4j,1
bind,1
conditional-on-missing-bean,1
embedded-tomcat,1
revert,1
boot-app,1
bomrupgrade,1
resource-management,1
url-update,1
component-webserver,1
spring-data-cassandra,1
security-enhancement,1
conditional-on,1
deprecations,1
actuate,1
ant,1
dependency-updates,1
spring-rabbit,1
spring-boot-starter-graphql,1
spring-boot-34x,1
conventions,1
spring-boot-starter-activemq,1
application-properties,1
metering,1
mailer,1
nativeimage,1
build-plugin,1
health-endpoint,1
management-console,1
processor,1
upgrading,1
component-web-server,1
build-infrastructure,1
spring-boot-test,1
condition-report,1
config-property,1
message-source,1
spring-boot-3.4.x,1
spring-boot-guides,1
guides,1
colima,1
backward-port,1
jar-launcher,1
spring-reactor,1
archunit,1
technical,1
boot-launcher,1
fork-join-pool,1
textual,1
docs-improvement,1
web-services,1
java-compatibility,1
java-io,1
rxjava,1
brave,1
spring-boot-testcontainers,1
testcontainer,1
value-classes,1
spring-boot-starter-data-elasticsearch,1
spring-data-elasticsearch,1
module-info,1
spring-boot-test-autoconfigure,1
spring-boot-starter-docker,1
restart,1
spring-cloud-config,1
component/graphql,1
gradle-deps,1
component/testing,1
domain/redis,1
selenium,1
graph-database,1
task-dependency,1
record,1
bom-update,1
kotlin-dsl,1
bootbuild-image,1
bootbuild,1
thread-context-classloader,1
filters,1
listeners,1
servlets,1
spring-boot-webflux,1
context-management,1
boot-build,1
build-image,1
build-support,1
spring-framework-integration,1
spec-compatibility,1
component/infinispan,1
type/update,1
spring-boot-build,1
sqlserver,1
service-discovery,1
service-connections,1
image-name,1
idempotency,1
remote-restart,1
code-of-conduct,1
spring-boot-data,1
language-java,1
byte-buddy,1
javanative,1
multi-release-jar,1
management-server,1
bootloader,1
webapp,1
server-tomcat,1
api-dependencies,1
plugin-behavior,1
configuration-cache,1
ci/build,1
message-converter,1
http-message-converters,1
type-testing,1
area-containers,1
framework-update,1
test-strategy,1
jee,1
xml-ws,1
component/caching,1
application-startup,1
build-gradle,1
spring-initializr,1
spring-init,1
spring-boot-graphql,1
records,1
initializer,1
spring-boot-docker,1
boot-metadata,1
oracle-database,1
spring-boot-docker-compose,1
service-level-objectives,1
slevo,1
data-redis,1
data,1
appcds,1
environment-processor,1
post-processor,1
publishing,1
spring-boot-3.3.x,1
message-broker,1
application-jar,1
reusable-components,1
jsr303,1
spring-environment,1
web-testing,1
component/webserver,1
language-dependency,1
dev-tools,1
camel,1
main-class,1
spring-boot-auto-configuration,1
component:antora,1
type:naming,1
executable-jar,1
image-format,1
configuration-property,1
java-compiler,1
component/cache,1
activation,1
jakarta,1
third-party-library,1
config-data,1
embedded-servers,1
podman,1
listener-container,1
cloud-foundry,1
application-name,1
buildpack-reference,1
platform-windows,1
disabled-condition,1
disabled-tests,1
spring-profile,1
obsolete-dependency,1
smoke-tests,1
connection-pooling,1
ci-improvement,1
domain/build,1
area/java,1
automation-testing,1
querydsl,1
message-queue,1
bomr-upgrade,1
postgres,1
workaround,1
orm,1
ansi-element,1
spring-graphqlsupport,1
amq,1
springintegration,1
github-api,1
action-upgrade,1
3.3,1
spring-boot-32x,1
spring-boot-tools,1
jcache,1
issue-forward,1
dynamic-property-sources,1
spring-boot-docs,1
propagation,1
milestone-3.3.x,1
configuration-processor,1
http-error,1
dependency-manager,1
spring-rac,1
starter-removal,1
spring-boot-3-3-x,1
bug-fix,1
javase,1
failure-analyzer,1
manifest,1
configproperties,1
email,1
spring-cloud-starter-rabbit,1
liquibase,1
component/spring-data,1
task/dependency-upgrade,1
full-cluster,1
cat,1
profileintegtests,1
jwt,1
datastreams,1
elasticsearch-client,1
datastream,1
it-test,1
it-tests,1
ec2,1
geo-queries,1
repositories,1
s3repository,1
rankeval,1
smoketest,1
geospatial,1
lookup,1
lookup-join,1
elasticsearch-core,1
merge-policy,1
plugin-x-pack,1
data-read,1
index-reader,1
licensing,1
elasticsearch-x-pack,1
reservedstate,1
remote-cluster,1
verifier-tests,1
xpack-plugin,1
blocks,1
voting-configuration,1
repository-s3,1
annotated-text,1
rescore,1
xpack-inference,1
fleet,1
feature-migration,1
inference-engine,1
openai,1
dynamic-mapping,1
elasticsearch-backwards,1
test-integration,1
index-templates,1
usage-stats,1
es,1
bulkaction,1
mtermvectors,1
wildcard,1
mixedcluster,1
multiclusterspec,1
avg-aggregation,1
xpackinference,1
mvpercentile,1
snapshots,1
ingest-pipeline,1
snapshot-restore,1
synthetic-source,1
restoration,1
http-status-code,1
cross-cluster-search,1
api-key,1
blockhash,1
cross-cluster,1
datagenerator,1
outofmemoryerror,1
blob-cache,1
index-mode,1
restapi,1
task-queue,1
api-errors,1
planning,1
xcontent,1
tdigest,1
categorize-text,1
change-point,1
mv-functions,1
privileges,1
doc-values,1
valuestests,1
values-tests,1
hdfs,1
coordination,1
testfailures,1
heap-attack,1
multi-node,1
fieldmapper,1
geoip,1
query-dsl,1
master-node,1
tsdb,1
library-conflict,1
ci-build,1
script-error,1
index-settings,1
synonyms,1
date-time,1
index-management,1
transform-plugin,1
snapshot-api,1
fs-directory,1
mmfs,1
csv,1
elasticsearchcluster,1
response-format,1
es-ql,1
ergonomics,1
component-template,1
tsds,1
shard,1
translog,1
cpu-usage,1
nested-fields,1
lucene-integration,1
logs,1
bool-query,1
backwardscompatibility,1
co2-calculator,1
universal-profiling,1
circuit-breaker,1
action-breaker,1
query-validation,1
xpack-searchablesnapshots,1
querying,1
frozen-tier,1
unit,1
async-search,1
request-stats,1
query-parser,1
wrap,1
usage-example,1
interactive-view,1
delimiter,1
urxvt,1
multi-line,1
cd-command,1
search-syntax,1
fzf-behavior,1
fzf-options,1
input-format,1
fzf-integration,1
interactive-search,1
fzf-cli,1
nvim,1
fastwalk,1
nested-fzf,1
ripgrep,1
manual,1
fzf,1
fzf-run,1
replace,1
rendering-issue,1
swayfmt,1
language-sway,1
ipfs,1
forc-pkg,1
package-registry,1
forc-doc,1
kms,1
contracts,1
message-coin,1
slab,1
syntactic-change,1
purity,1
language-clarity,1
sway-syntax,1
type-propagation,1
mutability,1
memcp,1
asm-macro,1
return-value,1
topic-safety,1
supertraits,1
fallback,1
operability,1
contract-analysis,1
escape-analysis,1
compiler-pass,1
function-inlining,1
area-bytes,1
area-encoding,1
configurable,1
method-application,1
log-display,1
test-tooling,1
forc-test,1
type-engine,1
sway-lib-std,1
index-expressions,1
abi-encoding,1
rust-compiler,1
ldc,1
propertyplaceholder,1
secretmanagement,1
wildcard-matching,1
unsafe-operations,1
databinder,1
formdata,1
api-upgrade,1
reactor-netty,1
hibernate-validator,1
guava,1
spring-junit,1
cglib,1
area:graalvm,1
area:reflection,1
runtime-hints,1
ioexception,1
bean-overrides,1
ide-support,1
bean-override,1
spring-api,1
request-factory,1
spring-async,1
request-parameter,1
runtime-exception,1
listener,1
media-types,1
eager-initialization,1
load-time-weaving,1
wildfly,1
community,1
framework-mockito,1
rfc3986,1
sockjs,1
byte-code,1
class-loading,1
dynamic-property-registrar,1
api-alignment,1
undeclared-throwable,1
java-api,1
spring-data-jdbc,1
type-converter,1
api-binding,1
jakarta-activation,1
technology-update,1
multipartresolver,1
singleton,1
refguide,1
flux-and-flow,1
kotlinx-serialization,1
resource-resolver,1
checkstyle,1
detector,1
spring-framework-web,1
jsr-330,1
language-documentation,1
config-conflict,1
varargs,1
runtime-reflection,1
map-access,1
spring-oxm,1
duration,1
response-handling,1
request,1
spring-coroutines,1
methodhandle,1
advised-beans,1
argument-resolution,1
java-api-compatibility,1
kotlinx,1
reflections,1
type-property,1
kind-path,1
code-size,1
typosafety,1
coroutine,1
request-body-advice,1
area-beanfactory,1
clients,1
kotlin-serialization,1
support-request,1
auto-wiring,1
nohttp,1
aops,1
client-request-factory,1
nested-classes,1
post-processing,1
test-annotation,1
bean-validation,1
ws,1
api-cleanup,1
spring-cloud-stream,1
expression-language,1
beanutils,1
aspectjweaver,1
configuration-clash,1
aot-processing,1
flux,1
request-context,1
potential-memory-leak,1
dao,1
restdocs,1
mockmvc,1
media-type,1
accessor,1
collection,1
runtime-enhancements,1
jpms,1
aot-issue,1
proxy-generation,1
scoped-proxy-mode,1
rfc7807,1
subscription,1
uricomponentsbuilder,1
spi,1
clienthttprequestfactory,1
spring-cglb,1
non-reactive,1
multipart-request,1
http-handling,1
area-nullsafety,1
awaitility,1
spring-websocket,1
build-time-config,1
representation,1
request-processing,1
loadtime-weaver,1
assertj,1
framework-core,1
ioc,1
rsocket,1
null-pointer-exception,1
expression-parser,1
primitive-data-types,1
exception-message,1
suspend,1
value-class,1
handler-method,1
type-injection,1
domain-spring-beans,1
type:api-change,1
area:http,1
severity:minor,1
procedure,1
request-scope,1
taskmanagement,1
virtualthreads,1
threadpooltaskexecutor,1
webappcontext,1
spring-actuator,1
inheritance,1
spring-xml,1
setter-injection,1
area-messaging,1
cron-expression,1
quartz,1
factory-method,1
jsonpath,1
errorhandler,1
project-leyden,1
api-depreciation,1
spring-tx,1
predicate,1
callingconvention,1
pe-analysis,1
data-interpretation,1
file-format-parsing,1
io-error,1
instruction-set,1
vfp,1
listing,1
type-related,1
ghidra-builtins,1
memory-consumption,1
structural-analysis,1
ida-exporter,1
ida-plugin,1
struct-handling,1
listing-panel,1
gdb-crash,1
win10,1
flatdark,1
classrecovery,1
code-browser,1
bsimelasticplugin,1
run-configuration,1
omf51,1
aawt,1
c-cpp,1
import-failure,1
app-import,1
function-listing,1
importerror,1
pefile,1
class-cast,1
scriptmanager,1
input-validation,1
ui-feature,1
stack-editor,1
missingfeature,1
lib-parser,1
borland,1
pybag,1
keyerror,1
m68k,1
python-dependency,1
symbol-resolution,1
datatype-manager,1
gdt,1
type-decoding,1
domain-arithmetic,1
ppc,1
register-behavior,1
ghidrascript,1
function-analysis,1
decoder-bug,1
switch-case,1
listing-view,1
file-import,1
extensionpoints,1
python-hook,1
namespace-handling,1
sleightlanguage,1
rule-engine,1
gdbintegration,1
analyzeheadless,1
analysis-issue,1
import-table,1
flow-analysis,1
dataviewer,1
texteditor,1
tool-bssim,1
ui-performance,1
struct-editor,1
datatypemanagement,1
typedef-handling,1
c-language,1
c-code-output,1
conditional-statements,1
readability,1
vs,1
script-scripting,1
api-access,1
functionid,1
xtensa,1
register,1
archive-interaction,1
instruction,1
x86-64,1
methodology,1
address-space,1
ghidra-core,1
program-tree,1
memory-mapping,1
load-command,1
instruction-format,1
68000,1
coff,1
sysv,1
versiontracking,1
domain-file,1
autoanalysis,1
jar-mode,1
application-layout,1
symbol-server,1
symbol-table,1
os-request,1
bsm-setup,1
filetype-pe,1
xref,1
auto-backup,1
trash,1
file-sync,1
onenote,1
note,1
duplicate,1
text-formatting,1
drag-and-drop,1
app-crash,1
beta,1
list-formatting,1
markdown-it,1
mobile-app,1
tesseract,1
attachments,1
playwright,1
folders,1
editor-sync-issue,1
external-editor,1
new-note,1
shared-notebooks,1
appimage,1
web-clipper,1
html-rendering,1
node.js,1
rte,1
enix,1
attachment,1
feature-ocr,1
wysiwyg,1
platform-inconsistency,1
codemirror,1
enex,1
pr,1
protection,1
star,1
webhook,1
feishu,1
responsive,1
code-highlighting,1
issue-tracking,1
status-check,1
url-formatting,1
flags,1
domain-gitlab,1
agit,1
labels,1
repo-migration,1
jobs,1
user-authentication,1
matrix,1
time-display,1
repo-list,1
issue-comment,1
actions/checkout,1
act-runner,1
issue-tracker,1
activity,1
automerge,1
mirroring,1
tag,1
certificate,1
renewal,1
minio,1
gitea-actions,1
issues,1
repodata,1
rpm,1
team,1
incoming-email,1
branch-protection,1
webauthn,1
merge-request,1
bleeve,1
swagger,1
issue-filter,1
large-repo,1
web-interface,1
large-file,1
pre-receive-hook,1
checkout,1
sso,1
orgmode,1
driver:cloud,1
feature:display,1
platform:web,1
tampermonkey,1
login,1
api-request-timeout,1
onedrive,1
terabox,1
acceleration,1
file-access,1
mobile-cloud,1
user-permissions,1
aircraft-disk,1
driver-lanzouyun,1
cloud-integration,1
driver-googlephoto,1
bug-api,1
feature-video,1
browser-compatibility,1
api-integration,1
upload-download,1
storage-initialization,1
login-issue,1
domain-downloader,1
blue-cloud,1
driver-123yunpan,1
danmaku,1
aircraft-data,1
driver-pikpak,1
authentication-error,1
file-type,1
driver-bluesky,1
redirection-error,1
driver-baidunetdisk,1
mtime-issue,1
driver-specific,1
lanczouyun,1
announcement,1
media-playback,1
web-editor,1
airplane-disk,1
playback-issue,1
video,1
aliyun-oss,1
driver-sftp,1
symbolic-links,1
offline-download,1
local,1
cdn,1
driver-tencent-ai,1
function-scope,1
intervalarithmetic,1
mod-function,1
ccall,1
parametric,1
modeling-toolkit,1
makefile,1
try-catch,1
typesystem,1
math-functions,1
numerical-behavior,1
circular-references,1
automa,1
keyword-arguments,1
nteltype,1
package-gmt,1
linearalgebra,1
hermitian,1
freeze,1
openblas,1
stackoverflowerror,1
packageissue,1
physics,1
typestability,1
parser-bug,1
julia-language,1
type:-behavior,1
packagemanagement,1
core-libs,1
type-stability,1
method-error,1
libunwind,1
abstractvector,1
external-dependency,1
behavior-mismatch,1
matrix-operations,1
autocompletion,1
comprehensions,1
package-loading,1
math-function,1
type:constructor,1
area:strings,1
tuple,1
uuids,1
ntuple,1
dynamic-dispatch,1
type,1
custom-type,1
annotatedstrings,1
threads,1
packageloading,1
julia-lang,1
subarray,1
self-reference,1
subtyping,1
operator-precedence,1
docstring,1
i/o,1
language-core,1
function-overloading,1
imageio,1
packagecompiler,1
recursive-functions,1
sroa,1
build-backend,1
range-handling,1
codeartifact,1
uv-index,1
python-path-issue,1
setuptools,1
uv-behavior,1
dbt,1
uv-project,1
find-links,1
wheel-selection,1
build-tag,1
tool-discovery,1
behavior-difference,1
extras,1
pypy,1
command-execution,1
resolution-markers,1
package-availability,1
package-uv,1
platform-specificity,1
script-config,1
cibuildwheel,1
environment-activation,1
shell-scripting,1
aws-lambda,1
psycopg,1
project-setup,1
http-request,1
dependency-tree,1
named-indexes,1
gitlab,1
install-issue,1
uv-tree-bug,1
editable-packages,1
cli-ux,1
tool-interaction,1
pep508,1
python-interpreter,1
uv.toml,1
transient-errors,1
stdin-input,1
inline-dependencies,1
pip-install,1
font-awesome,1
version,1
sync-issues,1
package-selection,1
python-install,1
deps-management,1
uv-command,1
branch-resolution,1
python-related,1
wheels,1
script-issue,1
pep-723,1
command-issue,1
source-management,1
maturin,1
conda,1
requirement-management,1
hash-mismatch,1
entrypoint,1
user-feedback,1
workspace-support,1
dev-dependencies,1
tool-uvx,1
pythonversioncompatibility,1
optional-dependencies,1
parallel-execution,1
workspace-management,1
build-dependencies,1
env-management,1
cli-error,1
system-compatibility,1
project-structure,1
libuv,1
install-failure,1
python-project,1
self-update,1
monorepo,1
build-isolation,1
uvx-command,1
metadata-parser,1
dynamic-dependencies,1
requires-dist,1
uv-venv,1
pep621,1
candidate-selector,1
marker-tree,1
mirrors,1
toml-parsing,1
source-distribution,1
config-parsing,1
verbose-mode,1
uv-resolver,1
uv-script,1
guide,1
uv-tree,1
experimental-feature,1
isolated-mode,1
ruff,1
marker-complexity,1
py-packages,1
linux-windows-diff,1
editable-mode,1
lockfile-parsing,1
uninstall,1
tool-issue,1
python-deps,1
concept,1
preferences,1
forking,1
uv-pin,1
logic-error,1
tool-related,1
install-behaviour,1
uv-toolchain,1
python-uninstall,1
portability,1
binary,1
missing,1
tool-install,1
uv-compile,1
command-support,1
index-url,1
python-interaction,1
plugin-installation,1
requirements-file,1
uv-mre,1
pydantic,1
package-dependency,1
url-resolution,1
extraction,1
pytest,1
size-optimization,1
setup-cfg,1
pip-integration,1
pep-508,1
pyproject.toml,1
vtreeview,1
v-slide-group,1
component:-vrangeslider,1
virtualdatatable,1
textfield,1
component-vbottomnavigation,1
component:-vdatatable,1
v-overlay,1
v-treeview,1
component:-avatar,1
component-infinite-scroll,1
data-table,1
component:-text-field,1
shadow-dom,1
component-file-input,1
vbtn,1
component:v-date-picker,1
component:-votpinput,1
component:v-date-input,1
read-only,1
3.x,1
component:-expansionpanels,1
component:v-menu,1
vspeeddial,1
v-stepper-vertical,1
data-loss,1
vdatepicker,1
v-radio,1
v-date-input,1
component:v-number-input,1
component:-vprogresslinear,1
slider,1
component:v-data-table,1
component:-date-picker,1
v-tabs,1
attribute-inheritance,1
component:tabs,1
vuetify-dialog,1
ref,1
component:-carousel,1
vue-i18n,1
progress,1
dropdown,1
combobox,1
component:-vmenu,1
shadowdom,1
component:badge,1
component:vnumericinput,1
v-number-input,1
vnumberinput,1
component:-vtreeview,1
component:vtreeview,1
component:-textfield,1
component-treeview,1
v-model,1
speeddial,1
component:-vsparkline,1
type:-documentation,1
type:-typescript,1
datatable,1
component:vfileinput,1
cli-compatibility,1
component:-vcolorpicker,1
adapter,1
vautocomplete,1
v-dialog,1
scroll-strategy,1
vuetify-date-picker,1
component:color-picker,1
trampoline,1
language-construct,1
area/fpm,1
area/json,1
extension-pgsql,1
area-zend,1
area-garbage-collection,1
ext-zip,1
ext-phar,1
proc-open,1
attributes,1
gmmktime,1
extension-bcmath,1
iconv,1
user-filter,1
testsuite-failure,1
variant,1
typeinfo,1
ext-bcmath,1
snmp,1
impact-api,1
php-cli,1
testsuite,1
magic-methods,1
zend-vm,1
domain-gmp,1
ini,1
library:phpseclib,1
mysqlnd,1
extension-http,1
zendvm,1
mhash,1
icu,1
asort,1
arrayobject,1
msg-send,1
shm,1
v8.5,1
type-coercion,1
odbc,1
output-buffering,1
phar-extension,1
built-in-web-server,1
shebang,1
spl-heap,1
recursive-data-structures,1
xpath,1
php-8.4,1
xmlreader,1
undefined-behaviour,1
extension/gd,1
observer,1
zend-observer,1
assertionfailure,1
zend-mm,1
area-pdo,1
function-error,1
hash-table,1
domain-datetime,1
severity-high,1
date-functions,1
integeroverflow,1
endianness,1
area-bcmath,1
php-runtime,1
assert-failure,1
zend-internals,1
info,1
c++-compatibility,1
dynamicproperties,1
severity-critical,1
proptypes,1
ext-dba,1
runtimebehavior,1
ext-file,1
engine,1
property-hooks,1
unpack,1
date/time,1
excimer,1
header-checks,1
file-cache,1
readonly-class,1
sha,1
stream-wrappers,1
area-date,1
area-contracts,1
random-functions,1
feature-gc,1
stream-wrapper,1
ext-fileinfo,1
function-min,1
pear,1
zend-core,1
area-network,1
ext-arrays,1
domdocument,1
xinclude,1
shutdown-function,1
dtrace,1
shmop,1
method-visibility,1
access,1
extension-pdo,1
type-compile-error,1
api-odbc,1
documentation-bug,1
sapi,1
interactive-shell,1
heredoc,1
output-formatting,1
status,1
ext-autoloader,1
exceptions,1
fuzzer,1
extension-mbstring,1
bug-php-core,1
numbers,1
iteration,1
zendhash,1
observer-api,1
extension-openssl,1
php-8-2,1
extension-pdo-pgsql,1
mysqli,1
weak-references,1
destructor,1
socket,1
module-installation,1
os-compatibility,1
languagefeature,1
constant,1
garbagecollector,1
persistent,1
expat,1
symfony,1
language-behaviour,1
garbage-collection,1
strtok,1
cli-server,1
errorhandling,1
range-function,1
php:regex,1
php:error-handling,1
function-name-collision,1
color-output,1
generic-functions,1
std.crypto,1
function-pointer,1
futex,1
pic,1
preprocessor,1
stdlibrary,1
runtime-function,1
target-platform,1
tokenizer,1
destructuring,1
autodoc,1
downloads,1
potential-pitfall,1
fchmod,1
zir,1
transitive-analysis,1
incremental-build,1
coffin,1
audit,1
tracy,1
compiler-server,1
hot-code-swap,1
sanitizer-thread,1
sha1,1
var,1
operating-system,1
linker-error,1
std.progress,1
language-zig,1
backend-x86-64,1
fstatat,1
objcopy,1
segmentation,1
backend-c,1
function-calls,1
zon,1
pio,1
feature-detection,1
language-parser,1
float-representation,1
ingestion,1
http-api,1
stmt-summary,1
reorganize,1
mysql-protocol,1
sql-compatibility,1
lightning-import,1
conflict-resolution,1
tpcc,1
bri,1
estimation,1
log-backup,1
advancer,1
region-error,1
task-management,1
table-metadata,1
sysvar,1
execution-plan,1
linearizability,1
async-load,1
task-manager,1
feature-ttl,1
sql-performance,1
ti-dcd,1
tidb-enable-historical-stats,1
clustering,1
runtime-filter,1
pitr,1
lightning-table,1
query-executor,1
reorganize-partition,1
reorg,1
tidb-br,1
insert,1
mydump,1
dump,1
general-log,1
partition-pruning,1
range-partitioning,1
meta-data,1
restorer,1
data-inconsistency,1
sync-load,1
column-type,1
test-flakiness,1
cost,1
domain-api,1
failpoint,1
read-consistency,1
table-id,1
compaction,1
reproducer-needed,1
plan-replayer,1
unistore,1
badger,1
sql-statement,1
fatal,1
delete-statement,1
log,1
reorganization,1
analytics,1
component-parser,1
slow-log,1
integration-testing,1
table-load,1
primary-key,1
read-engines,1
data-definition-language-(ddl),1
needs-information,1
decode,1
sql-function,1
topn,1
table-cache,1
gcs,1
null-handling,1
message-size,1
time-type,1
admin,1
client-api,1
partition,1
data-accuracy,1
ebs,1
infoschema-v2,1
sql-index,1
user-management,1
goroutine-leak,1
testkit,1
sql-query,1
data-retrieval,1
dataintegrity,1
analyzers,1
schemachange,1
tidb-feature,1
cop,1
stale-read,1
mutation,1
global-temporary-tables,1
global-variable,1
system-variables,1
mem,1
hint,1
cluster-start,1
pd-api,1
client-connectivity,1
query-result,1
region-distribution,1
table-partitioning,1
cluster-level,1
foreignkey,1
schema-migration,1
data-load,1
batch-mode,1
scalar-function,1
sql-error,1
memdb,1
location,1
index-join,1
table-design,1
evaluator,1
exchange-partition,1
sql-insert,1
column-pruning,1
area-query-performance,1
area-monitoring,1
schema-tracker,1
right-join,1
get,1
nodejs,1
tidb-operator,1
tidb-bugs,1
inl-join,1
session-vars,1
mysql-client,1
data-change,1
sqlmode,1
tidb-lightning,1
session-management,1
external-storage,1
recordset,1
delete,1
oltp,1
cluster-upgrade,1
area-datatype,1
slowquery,1
tablesample,1
tracker,1
async-merge,1
execution-engine,1
stream-aggregation,1
tidb-configuration,1
-deadlock,1
br-clp,1
replace-into,1
query-behavior,1
mysql-compat,1
utf8mb4,1
window-function,1
logical-plan,1
table-reader,1
tidb-vs-mysql,1
cost-estimation,1
data-stats,1
pdms,1
leader-election,1
check-constraints,1
query-analyzer,1
system-table,1
parquet,1
unexpected-behavior,1
connect-issue,1
ticdc,1
changefeed,1
datachange,1
elt,1
distinct,1
bazel,1
instance-methods,1
printing,1
vim-file,1
extensionhandler,1
ruler,1
charclass,1
plugin-netrw,1
virtual-text,1
kitty,1
gleam,1
plugin-integration,1
remote-expr,1
loclist,1
screen-related,1
plugin-interaction,1
file-saving,1
split-window,1
callback,1
plugin-compatibility,1
bufnr,1
cmdline,1
nfa,1
autoindent,1
motion,1
vgo,1
filetype-plugin,1
desktop-integration,1
vim-script,1
fold,1
marker,1
locks,1
inserts,1
fuzzy-completion,1
textyank,1
manpager,1
object,1
numerics,1
ctags,1
options,1
movement,1
viml,1
addon,1
matchit,1
autoloading,1
spell-checking,1
gqap,1
xdg,1
autosuggestions,1
rcfile,1
shellslash,1
gui-vs-cui,1
command-block,1
src/map.c,1
src-option,1
text-width,1
function-type,1
vim-highlighting,1
scripting-api,1
mappings,1
search-replace,1
boolean-expressions,1
function-behavior,1
vim9expr,1
c,1
gui-motif,1
dict-api,1
mswin,1
vimrc,1
vimscript-9,1
expand,1
option,1
less-mode,1
edit-mode,1
vars,1
syntax-script,1
status-line,1
vim-command,1
search-and-replace,1
ftplugin,1
bufhidden,1
echomsg,1
commandline,1
mswin.vim,1
